nonstandard_port,uses_https,has_at_symbol,has_phishing_query_params,has_double_slash,has_suspicious_words,query_params_count,is_ip_domain,safe_browsing,has_high_response_time,has_many_redirects,has_hyphen,subdomain_count,url_shortener,short_domain,ip_from_trusted_country,has_few_days_to_expire,indexed_by_google,listed_in_rbl,has_low_domain_age,url,label
0,0,1,0,0,0,0,0,0,0,0,0,0,0,0,0,0,1,1,0,http://attractive-iris-galliform.glitch.me/#redacted@abuse.ionos.com,1
0,1,0,0,0,0,0,0,0,0,0,0,0,0,0,0,0,1,0,0,https://jorgesmok.com/wp-content/et-cache/connect/?mail=3D,1
0,1,0,0,0,0,0,0,0,0,0,0,0,0,0,0,0,1,0,0,https://kanimeospas.com/movie/,1
0,1,0,0,0,0,0,0,0,0,0,0,0,0,0,0,0,1,1,0,https://flixgpt-b669c.firebaseapp.com/,1
0,1,0,0,0,0,0,0,0,0,0,0,0,0,0,0,-1,1,1,0,https://canyon-ten-rice.glitch.me/inst.html,1
0,1,0,0,0,0,0,0,0,0,0,0,0,0,0,0,0,1,1,0,https://yahoooooooo11.weebly.com/,1
0,1,0,0,0,0,0,0,0,0,0,0,0,0,0,0,0,1,0,0,https://portal-app-ndaxio--io-cdn-h.webflow.io/,1
0,1,0,0,0,1,0,0,0,0,0,0,0,0,0,0,0,1,0,0,https://ndax-pro-login-web.webflow.io/,1
0,1,0,0,0,0,0,0,0,0,0,0,0,0,0,0,0,1,1,0,https://qrcodedynamic.com/0xjsxnmtetew/,1
0,1,0,0,0,0,0,0,0,-1,0,1,0,0,0,0,0,1,0,1,https://sparkasse.reaktivierung-infos.com/s/anmeldung.php,1
0,1,0,0,0,0,0,0,0,0,0,0,0,0,0,0,0,1,0,0,https://gravatar.com/toothoughtfullyeb1d3f8adb,1
0,1,0,0,0,0,0,0,0,1,0,0,0,0,0,0,0,1,0,0,https://blinq.me/b9XXC5IGh1Uh?bs=db,1
0,0,0,0,0,0,0,0,1,0,0,1,0,0,0,0,0,1,1,1,http://allegrolokalnie.pi-836454210.rest/,1
0,0,0,0,0,0,0,0,1,0,0,1,0,0,0,0,0,1,1,1,http://allegrolokalnie.pi-81630717.rest/,1
0,0,0,0,0,0,0,0,1,0,0,1,0,0,0,0,0,1,1,1,http://allegrolokalnie.pi-3401735201.rest/,1
0,1,0,0,0,0,0,0,0,0,0,0,0,0,0,0,0,1,1,0,https://blinq.me/Fo71XNgmgUyv?bs=db,1
0,0,0,0,0,0,0,0,1,0,0,1,0,0,0,0,0,1,1,1,http://allegrolokalnie.pi-0021758372.rest/,1
0,1,0,0,0,0,0,0,0,0,0,0,0,0,0,0,0,1,1,0,https://blinq.me/6B7lUQSMcSpL,1
0,1,0,0,0,0,0,0,0,0,0,0,0,0,0,0,0,1,1,0,https://www.lemonde.fr/,1
0,1,0,0,0,0,0,0,0,0,0,0,0,0,0,0,0,1,1,0,https://exoudsweb3-en-us.teachable.com/p/home,1
0,1,0,0,0,1,0,0,0,0,0,0,0,0,0,0,0,1,1,0,https://xn--exdus-vta.teachable.com/p/wallet,1
0,1,0,0,0,0,0,0,0,0,-1,0,0,0,0,0,0,1,1,0,https://device_help-exoudsweb3.teachable.com/p/home,1
0,0,0,0,0,0,0,0,0,0,0,0,0,0,0,0,0,1,1,1,http://testingmfa.com/,1
0,0,0,0,0,0,0,0,1,0,-1,1,0,0,0,0,0,1,0,1,http://allegrolokainie.pl-conformation215.shop/,1
0,1,0,0,0,0,0,0,0,0,0,0,0,0,0,0,0,1,1,0,https://blinq.me/lSGnfRq67cIN?bs=db,1
0,1,0,0,0,0,0,0,0,0,0,0,0,0,0,0,0,1,1,0,https://www.lemonde.fr/,1
0,1,0,0,0,0,0,0,0,0,0,0,0,0,0,0,0,1,1,0,https://eu.jotform.com/app/251732762777366,1
0,0,0,0,0,0,0,0,0,0,0,0,0,0,0,0,-1,1,1,0,http://fuellabs.com/,1
0,1,0,0,0,1,0,0,0,0,0,0,0,0,0,0,0,1,1,0,https://btemailcustomercareservice.weebly.com/,1
0,1,0,0,0,0,0,0,0,0,0,0,0,0,0,0,0,1,0,0,https://app.jotform.com/251742934717564,1
0,1,0,0,0,0,0,0,0,0,0,0,0,0,0,0,1,1,0,0,https://herrynardfulpr.blogspot.com/,1
0,1,0,0,0,1,0,0,0,1,0,0,0,0,0,0,0,1,1,1,https://absf4csecurity.co.za/aBfsgTSY,1
0,1,0,0,0,1,0,0,0,0,0,0,0,0,0,0,0,1,1,-1,https://home-login-trzr.github.io/en-us/,1
0,1,0,0,0,0,0,0,0,0,0,0,0,0,0,0,-1,1,1,0,https://bridge-sm-trzr.github.io/en-us/,1
0,1,0,0,0,0,0,0,0,0,0,0,0,0,0,0,-1,1,0,0,https://www.typeform.com/explore?utm_source=typeform.com&utm_medium=typeform&utm_content=typeform-incorrectURL&utm_campaign=viral_expt%0A%20%20%20%20,1
0,1,0,0,0,0,0,0,0,0,0,0,0,0,0,0,-1,1,1,0,https://trazor-io-startus.webflow.io/,1
0,0,0,0,0,0,0,0,0,0,0,0,0,0,0,0,0,1,1,0,http://trazor-io-startus.webflow.io/,1
0,1,0,0,0,0,0,0,0,1,0,0,0,0,0,0,0,1,1,0,https://app.jotform.com/251732790374562,1
0,1,0,0,0,1,0,0,1,1,0,0,0,0,0,0,0,1,1,0,https://uphold-login-s-school25.teachable.com/l/products,1
0,0,0,0,0,0,0,0,1,0,0,0,0,0,0,0,0,1,1,0,http://www.isadoramartins.com.br/wp-admin/oju/renew/,1
0,1,0,0,0,0,0,0,0,0,0,0,0,0,0,0,0,1,0,0,https://incubadoravillaflores.com.mx/00/index.html,1
0,1,0,0,0,0,0,0,0,0,0,0,0,0,0,0,0,1,1,0,https://blinq.me/avRBpoQfPKf6?bs=db,1
0,1,0,0,0,0,0,0,0,0,0,0,0,0,0,0,0,1,1,0,https://app.jotform.com/251740471648561,1
0,1,1,0,0,0,0,0,0,0,0,0,0,0,0,0,0,1,0,0,https://volume-g5p7bhxf-static-org.s3.us-east-1.amazonaws.com/KGnHoOVvuM5Ae?em=redacted@abuse.ionos.com,1
0,1,0,0,0,0,0,0,0,1,0,1,0,0,0,0,0,1,0,0,https://gooqle.www-com.co.uk/XbkhVdkx1MzdhWWM1bjRPTDZsdUtsQ3YwUit3MHpITFVwdWFTRmp1T04zYWcvNUhhMVo5Vk93ZWhrcE5KdHV6ODFEcTkvdEJBZ0xKYldZeEI5ZytxOS9NZDd1Q1ZlWlBjSExsdEtqSHF3bzAydFVFSytIa2psbncvTDJ6NzVMbFgxV2JPN1paQXhLMG9VamNlckx4aHgxSEJoeUR0VEZWaXdwYkpodlBaQWo2Q3pGSW1KZzJLMEVNM0s4NkNOWUNOWEVWVWo1dz0tLWxpRit0alV0b2MrczdESUQtLTFiNElnLzBzdWJORVZFRGFnWWUraXc9PQ==?cid=348790104,1
0,1,0,0,0,0,0,0,0,0,0,0,0,0,0,0,0,1,0,0,https://www.opinionstage.com/page/d9f2b6e1-65d7-4225-aa77-1541a29efe0a,1
0,1,0,0,0,0,0,0,0,1,0,0,0,0,0,0,1,1,1,-1,https://co-safety.39ec.com/bot-check,1
0,1,0,0,0,0,0,0,0,1,0,0,0,0,0,0,-1,1,1,0,https://co-safety.39ec.com/bot-check,1
0,1,0,0,0,0,0,0,0,0,0,0,0,0,0,0,0,1,1,0,https://eu.jotform.com/app/251738431023349,1
0,1,0,0,0,0,0,0,0,0,0,0,0,0,0,0,-1,1,1,0,https://ishort.ink/pFjr,1
0,1,0,0,0,1,0,0,0,0,0,0,0,0,0,0,-1,1,1,0,https://muse.io/bt-internetupdatexmail-64ecdf,1
0,1,0,0,0,0,0,0,1,0,0,0,0,0,0,0,-1,1,0,0,https://ukonlinemail1.weebly.com/,1
0,1,0,0,0,0,0,0,0,1,0,0,0,0,0,0,0,1,1,0,https://bttmail.plutio.com/p/form/kZcKAGtYy3xgbithm,1
0,1,0,0,0,0,0,0,0,1,0,0,0,0,0,0,0,1,1,0,https://blinq.me/OW7ePpHVwcwg?bs=db,1
0,1,0,0,0,0,0,0,0,1,0,0,0,0,0,0,0,1,1,0,https://blinq.me/0gRqPP5ptlGD?bs=db,1
0,1,0,0,0,0,0,0,1,1,0,0,0,0,0,0,0,1,0,0,https://cfgbfdcfx.weebly.com/,1
0,1,0,0,0,0,0,0,0,0,0,0,0,0,0,0,0,1,1,0,https://app.jotform.com/251738572610559,1
0,1,0,0,0,0,0,0,0,0,0,0,0,0,0,0,0,1,1,0,https://edillin.wixstudio.com/my-site,1
0,1,0,0,0,0,0,0,0,0,0,0,0,0,0,0,1,1,0,0,https://taplanding.com/,1
0,1,0,0,0,0,0,0,1,0,-1,1,0,0,0,0,0,1,1,1,https://allegro.pl-conformation101.shop/,1
0,1,0,0,0,0,0,0,1,0,0,1,0,0,0,0,0,1,0,1,https://allegrolokainie.pl-conformation101.shop/,1
0,1,0,0,0,0,0,0,1,1,0,1,0,0,0,0,-1,1,1,1,https://allegrolokalnie.pl-conformation212.shop/,1
0,1,0,0,0,0,0,0,1,-1,0,1,0,0,0,0,0,1,1,1,https://allegro.pl-conformation212.shop/,1
0,1,0,0,0,0,0,0,0,0,0,0,0,0,0,0,1,1,1,0,https://taplanding.com/,1
0,1,0,0,0,0,0,0,1,0,0,0,0,0,0,0,0,1,1,0,https://namelog-108226.weeblysite.com/,1
0,1,0,0,0,0,0,0,0,0,0,0,0,0,0,0,0,1,0,0,https://webmailtelcomf634.simdif.com/,1
0,1,0,0,0,0,0,0,1,0,-1,1,0,0,0,0,0,1,1,1,https://acquittement-contraventions.com/,1
0,1,0,0,0,0,0,0,1,1,-1,1,0,0,0,0,0,1,1,1,https://acquittement-contraventions.com/as.php,1
0,1,0,0,0,0,0,0,0,1,0,0,0,0,0,0,0,1,1,0,https://blinq.me/tUANBCHeKWxA?bs=db,1
0,1,0,0,0,1,0,0,0,0,0,0,0,0,0,0,0,1,1,0,https://blog.remotemployees.com/images/secure.html,1
0,0,0,0,0,0,0,0,1,0,0,0,0,0,0,0,0,1,1,1,http://allegrolokalnie.8293783.shop/,1
0,1,0,0,0,0,0,0,1,0,0,1,0,0,0,0,0,1,1,1,https://allegro.pl-conformation103.shop/,1
0,0,0,0,0,0,0,0,1,1,0,1,0,0,0,0,0,1,0,1,http://allegrolokalne.pl-conformation215.shop/,1
0,1,0,0,1,0,0,0,0,0,0,0,0,0,0,0,0,1,1,0,https://twitter.com/safety/unsafe_link_warning?unsafe_link=https://smbc-cardbv.top,1
0,1,0,0,1,0,0,0,0,0,0,0,0,0,0,0,0,1,1,0,https://twitter.com/safety/unsafe_link_warning?unsafe_link=https://smbc-cardbv.cloud,1
0,1,0,0,1,0,0,0,0,0,0,0,0,0,0,0,0,1,1,0,https://twitter.com/safety/unsafe_link_warning?unsafe_link=https://smbc-cardbv.icu,1
0,1,0,0,0,1,0,0,1,0,-1,1,0,0,0,0,0,1,1,1,https://procedure-free.com/pages/banks/cic/index.php,1
0,1,0,0,0,1,0,0,1,0,-1,1,0,0,0,0,0,1,1,1,https://procedure-free.com/pages/banks/cmu/index.php,1
0,1,0,0,0,1,0,0,1,0,-1,1,0,0,0,0,0,1,1,1,https://procedure-free.com/pages/banks/lbp/index.php,1
0,1,0,0,0,0,0,0,0,0,0,0,0,0,0,0,0,1,1,0,https://ipfs.io/ipfs/QmXWNCcM39hdPzUUuinAzSqFqfADWqA1tm9kAyD9Q1W6KU,1
0,1,0,0,0,0,0,0,0,0,0,0,0,0,0,0,0,1,1,0,https://ipfs.io/ipfs/bafkreickr4usnhk6b24qs4adm3tb5s32qbvf5m64brqqnvv57g3tez54bq?filename=pd08QQQ-eng.html,1
0,1,0,0,0,0,0,0,0,1,0,0,0,0,0,0,0,1,0,0,https://biolink.website/w4ed5rftygu,1
0,1,0,0,0,0,0,0,0,0,0,0,0,0,0,0,0,1,1,0,https://www.google.com/,1
0,1,0,0,0,0,0,0,0,1,0,0,0,0,0,0,0,1,1,0,https://docs.google.com/presentation/d/e/2PACX-1vTb5YmA2KP4qRso_HjUWx2OKvXp5L2ykXCWMVD7q0OzhICnLCNGWVFo90fRfvPa9YC-hWQpfMw2wRz9/pub,1
0,1,0,0,0,0,0,0,0,0,0,0,0,0,0,0,0,1,1,0,https://remboursement-canary-q5c8qb.mystrikingly.com/i/construction,1
0,1,0,0,0,0,0,0,0,0,0,0,0,0,1,0,0,1,0,-1,https://tv2.dk/,1
0,1,0,0,0,0,0,0,0,0,0,0,0,0,0,0,0,1,0,0,https://u53674026.ct.sendgrid.net/ls/click?upn=u001.hfxzmNGEcCP0C9vmFtnNr1671j8C1yXLeQqLpwNPidXfSXZ6-2Fr-2F1Y-2BDaSU0r-2Ba1uyvLh4HaSdwiVVSxgXh4ojA-3D-3D_AKO_0SJ4xWp5qdyPRBOfXg8T-2BYrgTdYNCSCpqKvQBrEP2dDYuMRFcZEWVLrGhp7Y5XCl5D5gStDXY6EielezAfurVS1Ot3hVbIkUvzT6URkeJIOC75ZgDsnsgat47SeGzvupv6j-2F0A4Ealbs9ftc1Wh5TOt24ZpIqvxRSY8NHfU0r5YmSP2-2BNhuxoompUwOUNpAlLedIcYpeYoudnt6SIVaLmoUnS0aSJT-2Bh6ggmaTClQC8gJU9KtxIstnSvoCSCaMMLllQIfYEZQUtPD2C7nIo-2BpA-3D-3D,1
0,1,0,0,0,0,0,0,0,0,0,0,0,0,0,0,0,1,1,0,https://signonbt.weeblysite.com/,1
0,1,0,0,0,0,0,0,1,0,0,0,0,0,0,0,0,1,1,0,https://olakkwaaa-awassaaa.weeblysite.com/,1
0,1,0,0,0,0,0,0,0,1,0,0,0,0,0,0,0,1,1,0,https://blinq.me/vY2cgQEnOzJR?bs=db,1
0,1,0,0,0,0,0,0,0,0,0,0,0,0,0,0,0,1,0,0,https://gravatar.com/crusadespookydb9aaa4074,1
0,0,0,0,0,0,0,0,0,0,0,1,0,0,0,0,0,1,1,-1,http://qui.m-pages.com/404.html,1
0,1,0,0,0,0,0,0,0,1,0,0,0,0,0,0,0,1,0,0,https://eu.jotform.com/app/251734685761365,1
0,1,0,0,0,0,0,0,0,0,0,0,0,0,0,0,0,1,1,0,https://sites.google.com/view/systemeo/home,1
0,1,0,0,0,0,0,0,1,1,-1,1,0,0,0,0,0,1,1,1,https://allegro.pl-conformation213.shop/,1
0,1,0,0,0,0,0,0,1,1,-1,1,0,0,0,0,0,1,1,1,https://allegrolokalne.pl-conformation213.shop/,1
0,0,0,0,0,0,0,0,1,1,0,1,0,0,0,0,0,1,1,1,http://allegrolokainie.pl-conformation103.shop/,1
0,1,0,0,0,0,0,0,1,1,0,1,0,0,0,0,0,1,1,1,https://allegrolokalne.pl-conformation103.shop/,1
0,1,0,0,0,1,0,0,0,1,0,0,0,0,0,0,0,1,1,0,https://s3.us-east-2.amazonaws.com/sharemail-web-supportadmin.blob.core.windows.net.06122025/adobe-06132025-index.html,1
0,1,0,0,0,0,0,0,0,0,0,0,0,0,0,0,0,1,1,0,https://eu.jotform.com/app/251712030526344,1
0,1,0,0,0,0,0,0,0,0,0,0,0,0,0,0,0,1,1,0,https://bbusinness.weebly.com/,1
0,1,0,0,0,0,0,0,0,1,0,0,0,0,0,0,0,1,1,0,https://eu.jotform.com/app/251732821092352,1
0,1,0,0,0,0,0,0,0,1,0,0,0,0,0,0,0,1,1,0,https://app.jotform.com/251713047481555,1
0,1,0,0,0,0,0,0,0,0,0,0,0,0,0,0,1,1,1,0,https://elegant-tail-design.blogspot.com/?a1=7,1
0,1,0,0,0,0,0,0,0,0,0,0,0,0,0,0,0,1,0,-1,https://www.kisa.link/lVmqh,1
0,1,0,0,0,0,0,0,0,1,0,0,0,0,0,0,0,1,1,0,https://app.jotform.com/251721306057551,1
0,1,0,0,0,0,0,0,0,0,0,0,0,0,0,0,0,1,0,0,https://f005.backblazeb2.com/file/bellmtsdfghb351245/pip.html,1
0,1,0,0,0,0,0,0,0,0,0,0,0,0,0,0,0,1,1,0,https://gravatar.com/koaladreamilyba00eaa8dc,1
0,1,0,0,0,0,0,0,0,0,0,0,0,0,0,0,0,1,1,0,https://docs.google.com/presentation/d/e/2PACX-1vSA6tNontPGhSudehJnA7wysja3GPj9U8erTakQvSiZD8GvT80cxKGS7kOpwFm_bDEw91ITTdhkdtM-/pub,1
0,1,0,0,0,0,0,0,0,1,0,0,0,0,0,0,0,1,1,0,https://docs.google.com/presentation/d/e/2PACX-1vTgyDhCYqUjAZn_zVOKKzpk1Nf2FiK3hrj8Nh6-4jd2HdogbUlstkiumEYxz2LJdsDkdigLKGk_umuM/pub,1
0,1,0,0,0,0,0,0,0,0,0,0,0,0,0,0,0,1,1,0,https://eu.jotform.com/app/251732314519353,1
0,1,0,0,0,0,0,0,0,0,0,0,0,0,0,0,0,1,0,0,https://nurse909.github.io/?b=e68747470733A2F2F6275747465726E75742D73756363696E63742D66616C6C2E676C697463682E6D652F3F653D696E666F40616C6C696564736E6F7772656D6F76616C2E636F6D,1
0,1,0,0,0,0,0,0,0,0,0,0,0,0,0,0,0,1,1,0,https://ipfs.io/ipfs/bafkreiap76kz2o6yvttdzthx3s2gnqcgsrg2gkyaewolv4kkejhcryqu4q,1
0,0,0,0,0,0,0,0,0,0,0,0,0,0,0,0,0,1,0,1,http://nosgustalatecnologiayque.com/,1
0,0,0,0,0,0,0,0,0,0,0,0,0,0,0,0,-1,1,0,1,http://flordecerezocatering.com/,1
0,0,0,0,0,0,0,0,0,0,0,0,0,0,0,0,0,1,1,1,http://galatasaraydanhaberler.com/,1
0,0,0,0,0,0,0,0,0,0,0,0,0,0,0,0,0,1,1,1,http://documentsoln.com/,1
0,0,0,0,0,0,0,0,1,0,0,1,0,0,0,0,0,1,0,1,http://allegrolokalnie.pi-7162629481622.rest/,1
0,1,0,0,0,1,0,0,0,1,0,0,0,0,0,0,0,1,1,0,https://sites.google.com/view/webloginmailweitergmbh/home,1
0,1,0,0,0,0,0,0,0,0,0,0,0,0,0,0,0,1,1,0,https://app.jotform.com/251725163022548,1
0,1,0,0,0,0,0,0,0,0,0,0,0,0,0,0,0,1,1,0,https://app.jotform.com/251731480597564,1
0,1,0,0,0,0,0,0,0,0,0,0,0,0,0,0,0,1,1,0,https://eu.jotform.com/app/251724748009359,1
0,1,0,0,0,0,0,0,0,1,0,0,0,0,0,0,0,1,1,0,https://biolink.website/abbui,1
0,1,1,0,0,0,0,0,0,0,0,0,0,0,0,0,0,1,0,0,https://attractive-iris-galliform.glitch.me/#redacted@abuse.ionos.com,1
0,1,0,0,0,0,0,0,0,1,0,0,0,0,0,0,1,1,1,0,https://postdeatheducation.com/ionos.id/auth.php,1
0,1,0,0,0,0,0,0,1,1,0,0,0,0,0,0,0,1,0,0,https://demzine.com/unstannt.html,1
0,1,0,0,1,0,0,0,0,0,0,0,0,0,0,0,-1,1,1,0,https://twitter.com/safety/unsafe_link_warning?unsafe_link=https://smbc-cardthr.world/jp,1
0,1,0,0,1,0,0,0,0,0,0,0,0,0,0,0,-1,1,1,0,https://twitter.com/safety/unsafe_link_warning?unsafe_link=https://smbc-cardthr.help/jp,1
0,0,0,0,0,0,0,0,0,0,0,0,0,0,0,0,0,1,1,1,http://thep33l.life/,1
0,1,0,0,0,0,0,0,0,0,0,0,0,0,0,0,0,1,0,0,https://rebrand.ly/9d8ecc?rb.routing.mode=proxy&rb.routing.signature=359839,1
0,1,1,0,0,0,0,0,0,0,0,0,0,0,0,0,0,1,1,0,https://ipfs.io/ipfs/bafkreidhfvf44zd5gloax7zw36oeyzdwpaknbp45f57eds4tyy6gltuzxu#tips@fbi.gov,1
0,1,0,0,0,0,0,0,0,1,0,0,0,0,1,0,0,1,0,0,https://arubadocs-113addf.ingress-baronn.ewp.live/?page_id=22,1
0,1,0,0,0,0,0,0,0,0,0,0,0,0,0,0,0,1,0,0,https://www.google.com/,1
0,0,0,0,0,0,0,0,1,0,0,0,0,0,0,0,0,1,0,1,http://allegrolokalnie.oferta1022952621.shop/,1
0,0,0,0,0,0,0,0,0,0,0,1,0,0,0,0,0,1,1,1,http://allegrolokalnie.p24-ix-91842.rest/,1
0,0,0,0,0,0,0,0,0,0,0,1,0,0,0,0,0,1,1,1,http://allegrolokalnie.kategorie-promowane.top/,1
0,1,0,0,0,0,0,0,0,0,0,0,0,0,0,0,-1,1,0,0,https://beacons.ai/submitanappeal,1
0,1,0,0,0,1,0,0,0,0,0,0,0,0,0,0,0,1,1,0,https://meetamasskelogin.webflow.io/,1
0,1,0,0,0,0,0,0,0,0,0,0,0,0,0,0,0,1,0,0,https://realistic-cat-pb89sj.mystrikingly.com/i/construction,1
0,1,0,0,0,0,0,0,0,1,0,0,0,0,0,0,0,1,0,0,https://cpadllc.com/regview.fsp/commauthcentre/403.php,1
0,1,0,0,0,0,0,0,0,0,-1,1,0,0,0,0,0,1,0,0,https://impayer-autoroute.from-ut.com/check,1
0,1,0,0,0,0,0,0,0,0,0,0,0,0,0,0,0,1,1,0,https://rebrand.ly/a5882f?rb.routing.mode=proxy&rb.routing.signature=955700,1
0,0,0,0,0,0,0,0,0,0,0,0,0,0,0,0,0,1,1,0,http://web3-pancakeswap.github.io/,1
0,1,0,0,0,0,0,0,0,0,0,0,0,0,0,0,0,1,1,0,https://web3-pancakeswap.github.io/,1
0,1,0,0,0,0,0,0,0,1,0,0,0,0,0,0,0,1,1,0,https://trezz-helps-start.teachable.com/l/products,1
0,1,0,0,0,0,0,0,0,0,0,0,0,0,0,0,0,1,0,0,https://web-trezo-en-docs.teachable.com/l/products,1
0,1,0,0,0,0,0,0,0,1,0,0,0,0,0,0,0,1,1,0,https://welcome-trezo-en-us.teachable.com/l/products,1
0,1,0,0,0,0,0,0,0,1,0,0,0,0,0,0,0,1,1,0,https://view-location-bridge.teachable.com/l/products,1
0,1,0,0,0,0,0,0,0,0,0,0,0,0,0,0,0,1,1,0,https://welcome-doc-bridge-en.teachable.com/,1
0,1,0,0,0,0,0,0,0,0,0,0,0,0,0,0,0,1,1,0,https://welcome-doc-bridge-en.teachable.com/,1
0,0,0,0,0,0,0,0,0,0,0,0,0,0,0,0,-1,1,1,0,http://trezorrsuitedownload.webflow.io/,1
0,0,0,0,0,0,0,0,0,0,0,0,0,0,0,0,0,1,1,0,http://trezorwdtiostrt.webflow.io/,1
0,1,0,0,0,0,0,0,0,0,0,0,0,0,0,0,0,1,1,0,https://trezorwdtiostrt.webflow.io/,1
0,1,0,0,0,0,0,0,0,1,0,0,0,0,0,0,0,1,0,0,https://u53735109.ct.sendgrid.net/ls/click?upn=u001.86TD1lTXEA-2BAfSZAodMbyb7BqmXMQdi-2FyVv-2FzS8I-2FGI-3D7X12_0SJ4xWp5qdyPRBOfXg8T-2BYrgTdYNCSCpqKvQBrEP2dBYBkl02DHMQMSZe-2B0GcIjp1BTGbltnfQUJBrp5ucbLnVt0DFZfvm0To2cuFmtqfsKhQSxV9HDWm42faaPBFJRJZduG7MOqgMAiBBUdFv2jxhXHCBRQXZtzQ8hunUxegqtRkH-2FbFlqIU1n-2F-2BE6-2Bu7qtrWD5g6kNuuncG8CDd-2By0D8wcctLJ1ahv9GVL-2BO-2BNR-2FoXMPZpkBB0JEROOCJ1Xtkc,1
0,1,0,0,0,0,0,0,0,0,0,0,0,0,0,0,0,1,0,0,https://u53735109.ct.sendgrid.net/ls/click?upn=u001.86TD1lTXEA-2BAfSZAodMbyb7BqmXMQdi-2FyVv-2FzS8I-2FGI-3DuzWi_0SJ4xWp5qdyPRBOfXg8T-2BYrgTdYNCSCpqKvQBrEP2dBYBkl02DHMQMSZe-2B0GcIjpEnthnjc-2BncSQKG-2BPkzX-2ByIVnOgr3vcSEcogS3Zvd7uskjh00ezBVr7FLi9k-2Bjd45d9TN0vwBa7WOWC6-2FDZyRnePdbZC6bcGRe820KaUwQZkMglptr-2Fs2LuQyFChx4nmMKQRnT38N3AtNDU9iGF8F0iURhS9ntSesa3Q5yluW3nLVOOJ3bQ8HGcWweUrydW59,1
0,1,0,0,0,0,0,0,0,0,0,0,0,0,0,0,0,1,0,0,"https://br.search.yahoo.com/?fr2=p:fprd,mkt:br",1
0,1,0,0,0,0,0,0,0,0,0,0,0,0,0,0,0,1,0,0,"https://br.search.yahoo.com/?fr2=p:fprd,mkt:br",1
0,0,0,0,0,0,0,0,0,0,0,0,0,0,0,0,0,1,1,0,http://rtezioriostrt.webflow.io/,1
0,1,0,0,0,0,0,0,0,0,0,0,0,0,0,0,0,1,1,0,https://www.lemonde.fr/,1
0,1,0,0,0,0,0,0,0,1,0,1,0,0,0,0,0,1,1,1,https://franceconnect-antai-gouv.com/as.php,1
0,1,0,0,0,1,0,0,0,1,0,0,0,0,0,0,-1,1,1,0,https://pvermeulenbouwservice.nl/attdraftcontents/elecpropconsec/403.php,1
0,1,0,0,0,0,0,0,0,0,0,0,0,0,0,0,0,1,1,0,https://bt-107681-103036.weeblysite.com/,1
0,1,0,0,0,0,0,0,0,1,0,0,0,0,0,0,0,1,1,0,https://jade004222.wixstudio.com/my-site,1
0,1,0,0,0,0,0,0,0,0,0,0,0,0,0,0,0,1,1,-1,https://eebroadbannd.plutio.com/p/form/Y7hmnvoj6LpNcJDAL,1
0,1,0,0,0,0,0,0,0,0,0,0,0,0,0,0,0,1,1,-1,https://btbr0adband.plutio.com/p/form/DXDa9KdGBRGxL2zBF,1
0,1,0,0,0,1,0,0,1,0,0,0,0,0,0,0,0,1,1,-1,https://btnewv0icealert.weebly.com/,1
0,1,0,0,0,0,0,0,1,1,0,0,0,0,0,0,0,1,1,0,https://btmail73899030904.weebly.com/,1
0,1,0,0,0,0,0,0,0,1,0,0,0,0,0,0,0,1,1,0,https://blinq.me/ML75hR93Nme6?bs=db,1
0,1,0,0,0,0,0,0,1,0,0,0,0,0,0,0,0,1,1,0,https://bbbbb-102380.weeblysite.com/,1
0,1,0,0,0,0,0,0,0,0,0,0,0,0,0,0,0,1,1,0,https://ammggall.wixstudio.com/my-site,1
0,1,0,0,0,0,0,0,1,0,0,0,0,0,0,0,0,1,1,0,https://9485uer.weebly.com/,1
0,1,0,0,0,0,0,0,0,0,0,0,0,0,0,0,0,1,1,0,https://app.jotform.com/251711450367150,1
0,1,0,0,0,0,0,0,0,0,0,0,0,0,0,0,0,1,1,0,https://app.jotform.com/251712472370553,1
0,1,0,0,0,0,0,0,0,0,0,0,0,0,0,0,-1,1,1,0,https://app.jotform.com/251712675205151,1
0,1,0,0,0,0,0,0,0,0,0,0,0,0,0,0,0,1,1,0,https://app.jotform.com/251713069156558,1
0,1,0,0,0,0,0,0,0,0,0,0,0,0,0,0,-1,1,1,0,https://blinq.me/zfIYcXRezh1f?bs=db,1
0,1,0,0,0,0,0,0,0,0,0,0,0,0,0,0,0,1,1,0,https://muse.io/e-e-internetttt,1
0,1,0,0,0,0,0,0,0,0,0,0,0,0,0,0,0,1,1,0,https://muse.io/new-untitled-site-c9c073,1
0,1,0,0,0,0,0,0,0,0,0,0,0,0,0,0,0,1,1,-1,https://app.jotform.com/251712530568557,1
0,1,0,0,0,0,0,0,0,1,0,0,0,0,0,0,0,1,1,0,https://eu.jotform.com/app/251715484459365,1
0,1,0,0,0,0,0,0,0,0,0,0,0,0,0,0,0,1,0,0,https://itsbio.link/,1
0,1,0,0,0,0,0,0,0,0,0,0,0,0,0,0,0,1,1,0,https://itsbio.link/,1
0,1,0,0,0,0,0,0,0,1,0,0,0,0,0,0,0,1,1,0,https://eu.jotform.com/app/251710963796366,1
0,1,0,0,0,0,0,0,0,1,0,0,0,0,0,0,0,1,1,0,https://blinq.me/uOi3Mp7Yw93b?bs=db,1
0,1,0,0,0,0,0,0,0,0,0,0,0,0,0,0,0,1,1,0,https://blinq.me/OsUOfHbgcZkW?bs=db,1
0,1,0,0,0,0,0,0,0,0,0,0,0,0,0,0,0,1,1,0,https://app.jotform.com/251711844567563,1
0,1,0,0,0,0,0,0,0,0,0,0,0,0,0,0,0,1,1,0,https://muse.io/bt-internet-c9c073,1
0,1,0,0,0,0,0,0,0,0,0,0,0,0,0,0,0,1,1,0,https://muse.io/bt-internet-c9c073,1
0,1,0,0,0,0,0,0,0,0,0,0,0,0,0,0,0,1,1,0,https://www.opinionstage.com/page/2faddda9-a86d-4741-98c2-176f8ec0afc7,1
0,1,0,0,0,0,0,0,0,0,0,0,0,0,0,0,0,1,1,0,https://www.opinionstage.com/page/2faddda9-a86d-4741-98c2-176f8ec0afc7,1
0,1,0,0,0,0,0,0,0,1,0,0,0,0,0,0,0,1,1,0,https://itsbio.link/htftyghg,1
0,1,0,0,0,0,0,0,0,1,0,0,0,0,0,0,-1,1,1,0,https://blinq.me/13DwMLuyifGN?bs=db,1
0,1,0,0,0,0,0,0,0,0,0,0,0,0,0,0,-1,1,1,0,https://blinq.me/THPhpeQmu3tl?bs=db,1
0,1,0,0,0,0,0,0,0,0,0,0,0,0,0,0,0,1,1,-1,https://blinq.me/eOlfVIemjVp8?bs=db,1
0,0,0,0,0,0,0,0,0,0,0,0,0,0,0,0,0,1,1,0,http://bridge-trezoriostat-connect.webflow.io/,1
0,1,0,0,0,0,0,0,0,0,-1,0,0,0,0,0,0,1,1,0,https://bridge-trezoriostat-connect.webflow.io/,1
0,0,0,0,0,0,0,0,0,0,0,0,0,0,0,0,0,1,1,0,http://trezoriosrtrt.webflow.io/,1
0,1,0,0,0,0,0,0,0,0,0,0,0,0,0,0,-1,1,1,0,https://m--app-start--ttrezor.webflow.io/,1
0,1,0,0,0,0,0,0,0,0,0,0,0,0,0,0,0,1,1,-1,https://blinq.me/6CLxUNt4zsBz?bs=db,1
0,1,0,0,0,0,0,0,0,1,0,0,0,0,0,0,0,1,1,0,https://blinq.me/9pGtgc1Hg9qI?bs=db,1
0,1,0,0,0,1,0,0,0,-1,0,0,0,0,0,0,0,1,1,0,https://walletcoinbase.webflow.io/,1
0,1,0,0,0,0,0,0,0,0,0,0,0,0,0,0,0,1,0,0,https://qrcodeveloper.com/code/YcvCiqwlVbd19JwV/,1
0,1,0,0,0,0,0,0,0,1,0,0,0,0,0,0,0,1,0,0,https://u53661358.ct.sendgrid.net/ls/click?upn=u001.-2BWiX-2FIVEZHno7loHinbWvv-2FjxhGs9iT2fg-2FhCRo0J14Ej6XQbeCXpjKxf1uD8fuWZE-2B84mYVBBpmvN9GpRm6Pw-3D-3DiUKS_0SJ4xWp5qdyPRBOfXg8T-2BYrgTdYNCSCpqKvQBrEP2dDV-2F2dztqoKd2l8MPCV8DlyclAkmozO9egPqrzFOF7Wy-2BCZL9jasU-2Fwris-2Bd5W69czUehJGZzToWBeJZJOMRbSaL8X0hqe1yWEvMVw-2BDgicxOG1mQEgTzLlModLNqURjNZJXgwDCzAc0vanOqdosphzaqEPSUmz622LL9KHLZnNb3r4CAqdPSmbV-2F7K5v8IESyyRKUNXNxkA3smyedcvAMhMrCHq89aL4JvW7tdNgzk5Q-3D-3D,1
0,1,0,0,0,0,0,0,0,1,0,0,0,0,0,0,0,1,0,0,https://equable-wistful-poppyseed.glitch.me/,1
0,1,0,0,0,1,0,0,0,1,0,1,0,0,0,0,0,1,0,0,https://recuperer-mon-argent-avec-wero-wallet-mp4o82jjwpuxbqbl.builder-preview.com/2,1
0,1,0,0,0,1,0,0,0,1,0,1,0,0,0,0,0,1,0,0,https://recuperer-mon-argent-avec-wero-wallet-mp4o82jjwpuxbqbl.builder-preview.com/1,1
0,1,0,0,0,1,0,0,0,1,0,1,0,0,0,0,0,1,0,0,https://recuperer-mon-argent-avec-wero-wallet-mp4o82jjwpuxbqbl.builder-preview.com/,1
0,1,0,0,0,0,0,0,0,1,0,0,0,0,0,0,0,1,1,0,https://vistoonline.com/subsprofilecorp/rmtsidboard/403.php,1
0,1,0,0,0,0,0,0,0,1,0,0,0,0,0,0,0,1,0,-1,https://magicmd.ro/auditportallib/recreferal/403.php,1
0,1,0,0,0,0,0,0,0,0,0,0,0,0,0,0,0,1,1,0,https://app.jotform.com/251704487358566,1
0,1,0,0,0,0,0,0,0,1,0,0,0,0,0,0,0,1,1,0,https://eu.jotform.com/app/251705724269360,1
0,1,1,0,0,0,1,0,0,1,0,0,0,0,0,0,0,1,1,0,https://dash.blinq.me/?_dl=shareCard&cardId=cmbcakfnh38nzs60k8vp6tbv3&firstName=BRITISH&lastLame=TELECOMMUNICATION&email=ripley118@btinternet.com&phoneNumber&jobTitle&orgName&ref_card_id=cmbcakfnh38nzs60k8vp6tbv3&ref_card_org_id=RxPRTSlD62XjSZVvxPe4qfgrOJf2&ref_card_user_id=RxPRTSlD62XjSZVvxPe4qfgrOJf2&ref_viewer_id=anon_m5s1mhyk6tofuqmq54320y4k4wbalsnfediaw4x4y1kyuvlc,1
0,1,0,0,0,0,0,0,0,0,0,0,0,0,0,0,-1,1,1,0,https://blinq.me/7ooMEIOU0zq5?bs=db,1
0,1,0,0,0,0,0,0,0,1,0,0,0,0,0,0,0,1,1,0,https://blinq.me/4jpmYuZccjbA?bs=db,1
0,1,0,0,0,0,0,0,0,0,0,0,0,0,0,0,0,1,1,0,https://blinq.me/MjA6QS4D6UZ2?bs=db,1
0,1,0,0,0,0,0,0,0,0,0,0,0,0,0,0,-1,1,1,0,https://blinq.me/RneTRHBqmEP0?bs=db,1
0,1,0,0,0,0,0,0,0,0,0,0,0,0,0,0,-1,1,1,0,https://blinq.me/v4vNS2XEQsut?bs=db,1
0,1,0,0,0,0,0,0,0,0,0,0,0,0,0,0,0,1,1,-1,https://blinq.me/dlYFf35tLk10?bs=db,1
0,1,0,0,0,0,0,0,0,0,0,0,0,0,0,0,-1,1,1,0,https://blinq.me/E6FsTWASdfem?bs=db,1
0,1,0,0,0,0,0,0,0,0,0,0,0,0,0,0,0,1,1,0,https://blinq.me/YK3gtR37hgTz?bs=db,1
0,1,0,0,0,0,0,0,0,0,0,0,0,0,0,0,0,1,1,0,https://blinq.me/VYk6TYZ704hi?bs=db,1
0,1,0,0,0,0,0,0,0,0,0,0,0,0,0,0,0,1,1,0,https://blinq.me/ZDcfZXEWdwZG?bs=db,1
0,1,0,0,0,0,0,0,0,0,0,0,0,0,0,0,0,1,1,0,https://blinq.me/nWeVESZ6RJmw?bs=db,1
0,1,0,0,0,0,0,0,0,0,0,0,0,0,0,0,0,1,1,-1,https://blinq.me/ORB8DIL6FRXd?bs=db,1
0,1,0,0,0,0,0,0,0,0,0,0,0,0,0,0,0,1,1,0,https://blinq.me/EZ6rJMt6DCNq?bs=db,1
0,1,0,0,0,0,0,0,0,0,0,0,0,0,0,0,0,1,1,-1,https://blinq.me/cmb8yhilv0ir6s60l6re7rzd8?bs=db,1
0,1,0,0,0,0,0,0,1,0,0,0,0,0,0,0,1,1,1,0,https://www.comercialvolpato.com.br/pza/Sites/,1
0,1,0,0,0,0,0,0,0,0,0,0,0,0,0,0,0,1,0,1,https://ecosavetravention.com/a-1/,1
0,0,0,0,0,0,0,0,0,0,0,0,0,0,0,0,0,1,1,0,http://v8.365f05.com/,1
0,0,1,0,0,0,0,0,1,0,0,0,0,0,0,0,0,1,1,1,http://de.mechanicess.org/.well-known/acme-challenge/file/?email=J3mail@b.c,1
0,1,0,0,0,0,0,0,0,1,0,0,0,0,0,0,0,1,1,1,https://ecosavetravention.com/a-1/,1
0,1,0,0,0,0,0,0,0,1,0,0,0,0,0,0,0,1,1,0,https://www.google.com/,1
0,1,0,0,0,0,0,0,0,1,0,0,0,0,0,0,0,1,1,0,https://app.jotform.com/251705504706554,1
0,1,0,0,0,0,0,0,0,1,0,1,0,0,0,0,0,1,1,1,https://net-helps-gate.com/,1
0,1,0,0,0,0,0,0,0,1,0,1,0,0,0,0,0,1,1,1,https://net-helps-gate.com/app,1
0,1,0,0,0,0,0,0,0,1,0,1,0,0,0,0,0,1,1,1,https://net-helps-gate.com/main,1
0,1,0,0,0,0,0,0,0,0,0,1,0,0,0,0,0,1,1,1,https://net-helps-gate.com/captcha,1
0,1,0,0,0,0,0,0,0,1,0,0,0,0,0,0,0,1,0,0,https://backupyourtokennetwork.hosted.phplist.com/lists/lt.php?tid=fB8ABVACAQEDAEkOVAVUHwACBgEUVgNSAh5aBgALUFcGWlFVClVMAVMKBVNUUQAfAlwEBRQABQMGHgFVBQMYUQIAUFICVgRXUgkFSlIFVFcNBwsHFFICUVEeDAlXARhbUAEBTgtTBABVCwcAVABUCw,1
0,1,0,0,0,0,0,0,0,1,0,0,0,0,0,0,0,1,0,0,https://116e704.wcomhost.com/dashbord/back/up/w-hold/,1
0,1,0,0,0,0,0,0,0,1,0,0,0,0,0,0,-1,1,1,0,https://116e704.wcomhost.com/dashbord/back/up/w-hold/Phantom.html,1
0,0,0,0,0,0,0,0,0,0,0,0,0,0,0,0,0,1,1,-1,http://directum.com.ar/,1
0,1,0,0,0,0,0,0,1,0,0,0,0,0,0,0,-1,1,1,0,https://bt-109423.weeblysite.com/,1
0,1,0,0,0,0,0,0,1,0,0,0,0,0,0,0,0,1,1,0,https://bt-109423.weeblysite.com/,1
0,0,0,0,0,0,0,0,1,0,0,0,0,0,0,0,-1,1,0,0,http://12378zy.com/,1
0,1,0,0,0,0,0,0,0,1,0,0,0,0,0,0,0,1,0,0,https://webs-start-en-us.teachable.com/l/products,1
0,1,0,0,0,0,0,0,1,1,0,1,0,0,0,0,0,1,1,1,https://renouvellement-abonnements-netflix.com/,1
0,1,0,0,0,0,0,0,1,1,0,1,0,0,0,0,0,1,1,1,https://renouvellement-abonnements-netflix.com/steps,1
0,1,0,0,0,0,0,0,0,1,0,0,0,0,0,0,0,1,1,0,https://news.google.com/topstories,0
0,1,0,0,0,0,0,0,0,1,0,0,0,0,0,0,0,1,1,0,https://mail.google.com/mail/u/0/#inbox,0
0,1,0,0,0,1,0,0,0,1,0,0,0,0,0,0,0,1,0,0,https://support.microsoft.com/en-us/windows,0
0,1,0,0,0,0,0,0,0,1,0,0,0,0,0,0,0,1,0,0,https://developer.mozilla.org/en-US/docs/Web/JavaScript,0
0,1,0,0,0,0,0,0,0,1,0,0,0,0,0,0,0,1,0,0,https://en.wikipedia.org/wiki/Artificial_intelligence,0
0,1,0,0,0,1,0,0,0,1,0,0,0,0,0,0,0,1,0,0,https://accounts.spotify.com/en/login,0
0,1,0,0,0,0,0,0,0,1,0,0,0,0,0,0,0,1,1,0,https://store.steampowered.com/app/730/CounterStrike_Global_Offensive/,0
0,1,0,0,0,0,0,0,0,1,0,0,0,0,0,0,0,1,0,0,https://blog.cloudflare.com/,0
0,1,0,0,0,0,0,0,0,0,0,0,0,0,0,0,0,1,1,0,https://insights.stackoverflow.com/survey,0
0,1,0,0,0,0,0,0,0,1,0,0,0,0,1,0,0,1,0,0,https://newsroom.fb.com/news/,0
0,1,0,0,0,0,0,0,0,1,0,0,0,0,0,0,0,1,0,0,https://about.twitter.com/en/company,0
0,1,0,0,0,0,0,0,0,1,0,0,0,0,0,0,0,1,0,0,https://www.nytimes.com/section/technology,0
0,1,0,0,0,0,0,0,0,0,0,0,0,0,1,0,0,1,1,0,https://www.bbc.com/news/science_and_environment,0
0,1,0,0,0,0,0,0,0,1,0,0,0,0,1,0,0,1,0,0,https://www.cnn.com/business/media,0
0,1,0,0,0,0,0,0,0,1,0,0,0,0,0,0,0,1,1,0,https://aws.amazon.com/what-is-cloud-computing/,0
0,1,0,0,0,0,0,0,0,1,0,0,0,0,0,0,0,1,1,0,https://developer.apple.com/documentation/,0
0,1,0,0,0,0,0,0,0,1,0,0,0,0,0,0,0,1,0,0,https://www.reddit.com/r/technology/,0
0,1,0,0,0,0,0,0,0,1,0,0,0,0,0,0,0,1,0,0,https://www.linkedin.com/learning/,0
0,1,0,0,0,0,0,0,0,1,0,0,0,0,0,0,0,1,1,0,https://www.netflix.com/br-en/title/80057281,0
0,1,0,0,0,1,0,0,0,0,0,0,0,0,0,0,0,1,1,0,https://www.paypal.com/signin,0
0,1,0,0,0,0,0,0,0,1,0,0,0,0,0,0,0,1,0,0,https://www.dropbox.com/developers,0
0,1,0,0,0,0,0,0,0,0,0,0,0,0,0,0,0,1,0,0,https://www.canva.com/pt_br/aprenda/,0
0,1,0,0,0,0,0,0,0,1,0,0,0,0,0,0,0,1,1,-1,https://www.booking.com/hotel/br/,0
0,1,0,0,0,0,0,0,0,1,0,0,0,0,0,0,0,1,0,0,https://www.airbnb.com/s/Recife--Brazil/homes,0
0,1,0,0,0,0,0,0,0,0,0,0,0,0,0,0,0,1,0,0,https://www.imdb.com/title/tt4154796/,0
0,1,0,0,0,0,0,0,0,1,0,0,0,0,0,0,1,1,1,0,https://www.nasa.gov/mission_pages/webb/main/index.html,0
0,1,0,0,0,0,0,0,0,0,0,0,0,0,0,0,0,1,0,0,https://www.adobe.com/creativecloud/plans.html,0
0,1,0,0,0,0,0,0,0,0,0,0,0,0,0,0,0,1,1,0,https://www.twitch.tv/directory/game/Just%20Chatting,0
0,1,0,0,0,0,0,0,0,1,0,0,0,0,0,0,0,1,1,0,https://www.roblox.com/games/,0
0,1,0,0,0,0,0,0,0,1,0,0,0,0,0,0,0,1,1,0,https://www.weather.com/weather/today/l/BRXX0232:1:BR,0
0,1,0,0,0,0,0,0,0,1,0,0,0,0,0,0,0,1,0,0,https://www.aliexpress.com/category/100003109/women-clothing.html,0
0,1,0,0,0,0,0,0,0,1,0,0,0,0,0,0,0,1,0,0,https://www.globo.com/economia/,0
0,1,0,0,0,0,0,0,0,0,0,0,0,0,1,0,0,1,1,0,https://www.uol.com.br/esporte/,0
0,1,0,0,0,0,0,0,0,1,0,0,0,0,0,0,0,1,1,0,https://g1.globo.com/tecnologia/,0
0,1,1,0,0,0,0,0,0,1,0,0,0,0,0,0,0,1,1,0,https://www.tiktok.com/@worldeconomicforum,0
0,1,0,0,0,0,0,0,0,0,0,0,0,0,0,0,0,1,0,0,https://learn.microsoft.com/en-us/azure/,0
0,1,0,0,0,1,0,0,0,0,0,0,0,0,0,0,0,1,1,0,https://support.apple.com/en-us/HT201222,0
0,1,0,0,0,0,0,0,0,0,0,0,0,0,0,0,0,1,1,0,https://www.google.com/search?q=python,0
0,1,0,0,0,0,0,0,0,1,0,0,0,0,0,0,0,1,1,0,https://maps.google.com/?q=New+York,0
0,1,0,0,0,0,0,0,0,1,0,0,0,0,1,0,0,1,0,-1,https://news.bbc.co.uk/news/world,0
0,1,0,0,0,0,0,0,0,1,0,0,0,0,1,0,0,1,0,0,https://edition.cnn.com/2025/06/27/tech/article.html,0
0,1,0,0,0,0,0,0,0,1,0,0,0,0,0,0,0,1,1,0,https://shop.amazon.com/gp/product/B08N5WRWNW?th=1,0
0,1,0,0,0,0,0,0,0,0,0,0,0,0,0,0,0,1,0,0,https://developer.mozilla.org/en-US/docs/Web/JavaScript,0
0,1,0,0,0,1,0,0,0,0,0,0,0,0,0,0,0,1,1,0,https://support.apple.com/en-us/HT201222,0
0,1,0,0,0,0,0,0,0,1,0,0,0,0,0,0,0,1,1,0,https://en.wikipedia.org/wiki/Python_(programming_language),0
0,1,0,0,0,0,0,0,0,1,0,0,0,0,0,0,0,1,1,0,https://mail.google.com/mail/u/0/#inbox,0
0,1,0,0,0,0,0,0,0,1,0,0,0,0,0,0,0,1,1,0,https://drive.google.com/drive/folders/0BwwA4oUTeiV1TGRPeTVjaWRDY1E,0
0,1,0,0,0,0,0,0,0,0,0,0,0,0,0,0,0,1,1,0,https://github.com/python/cpython/issues?q=is%3Aissue+is%3Aopen,0
0,1,0,0,0,0,0,0,0,0,0,0,0,0,0,0,0,1,1,0,https://stackoverflow.com/questions/tagged/python?sort=newest,0
0,1,0,0,0,0,0,0,0,1,0,0,0,0,0,0,-1,1,0,0,https://www.reddit.com/r/python/?sort=top&t=week,0
0,1,0,0,0,0,0,0,0,1,0,0,0,0,0,0,0,1,1,0,https://twitter.com/search?q=openai&src=typed_query,0
0,1,0,0,0,0,0,0,0,1,0,0,0,0,0,0,0,1,0,0,https://www.instagram.com/explore/tags/python/,0
0,1,0,0,0,0,0,0,0,1,0,0,0,0,0,0,0,1,1,0,https://www.netflix.com/watch/80057281?trackId=14277282&tctx=0%2C0%2C8a6d5b7e,0
0,1,0,0,0,1,0,0,0,1,0,0,0,0,0,0,0,1,0,0,https://www.spotify.com/us/account/overview/,0
0,1,0,0,0,0,0,0,0,0,0,0,0,0,0,0,0,1,0,0,https://www.adobe.com/creativecloud.html?promoid=12345,0
0,1,0,0,0,0,0,0,0,1,0,0,0,0,0,0,0,1,0,0,https://www.dropbox.com/home/Projects?preview=report.pdf,0
0,1,0,0,0,0,0,0,0,0,0,0,0,0,0,0,0,1,1,0,https://www.twitch.tv/directory/game/Just%20Chatting,0
0,1,0,0,0,0,0,0,0,0,0,0,0,0,0,0,0,1,0,0,https://medium.com/tag/python/latest,0
0,1,0,0,0,0,0,0,0,0,0,0,0,0,0,0,-1,1,0,0,https://quora.com/topic/Python-programming-language?filter=top,0
0,1,0,0,0,0,0,0,0,1,0,0,0,0,0,0,0,1,0,0,https://www.pinterest.com/search/pins/?q=python&rs=typed,0
0,1,0,0,0,1,0,0,0,1,0,0,0,0,0,0,0,1,1,0,https://www.ebay.com/itm/1234567890?hash=item1c23456789:g:ABCDEF12345,0
0,1,0,0,0,0,0,0,0,0,0,0,0,0,0,0,0,1,0,0,https://www.nationalgeographic.com/animals/mammals/facts/dolphins,0
0,1,0,0,0,0,0,0,0,0,0,0,0,0,0,0,0,1,1,0,https://www.bloomberg.com/markets/stocks?query=technology,0
0,1,0,0,0,0,0,0,0,0,0,0,0,0,0,0,0,1,1,0,https://www.forbes.com/sites/tech/?sh=123456789abc,0
0,1,0,0,0,0,0,0,0,0,0,0,0,0,0,0,0,1,0,0,https://www.nike.com/t/air-max-270-mens-shoe-KkLcGR,0
0,1,0,0,0,0,0,0,0,0,0,0,0,0,0,0,0,1,0,0,https://www.airbnb.com/rooms/12345678?adults=2&children=1,0
0,1,0,0,0,0,0,0,0,1,0,0,0,0,0,0,0,1,0,0,https://www.booking.com/hotel/us/example.html?checkin=2025-07-01&checkout=2025-07-07,0
0,1,0,0,0,0,0,0,0,0,0,0,0,0,0,0,0,1,0,0,https://www.salesforce.com/products/platform/overview/?d=70130000000TZXvAAO,0
0,1,0,0,0,1,0,0,0,0,0,0,0,0,0,0,0,1,0,0,https://slack.com/signin?redir=%2Fclient,0
0,1,0,0,0,1,0,0,0,0,0,0,0,0,0,0,0,1,1,0,https://www.etsy.com/search?q=handmade+gifts&page=2,0
0,1,0,0,0,1,0,0,0,1,0,0,0,0,0,0,0,1,1,0,https://www.paypal.com/us/home?sessionID=xyz123abc,0
0,1,0,0,0,0,0,0,0,1,0,0,0,0,0,0,0,1,1,0,https://zoom.us/j/1234567890?pwd=abcdefg123456,0
0,1,0,0,0,0,0,0,0,0,0,0,0,0,0,0,0,1,0,0,https://www.oracle.com/database/technologies/?utm_campaign=123&utm_medium=email,0
0,1,0,0,0,0,0,0,0,0,0,0,0,0,0,0,0,1,1,0,https://www.mozilla.org/en-US/firefox/new/?utm_source=mozilla&utm_medium=referral,0
0,1,0,0,0,0,0,0,0,0,0,0,0,0,0,0,1,1,0,0,https://www.walmart.com/ip/123456789?selected=true,0
0,1,0,0,0,0,0,0,0,0,0,0,0,0,0,0,0,1,0,0,https://www.target.com/p/example-product/-/A-12345678,0
0,1,0,0,0,0,0,0,0,1,0,0,0,0,0,0,-1,1,0,0,https://www.cnet.com/news/?tag=latest,0
0,1,0,0,0,0,0,0,0,0,0,0,0,0,0,0,-1,1,1,0,https://weather.com/weather/today/l/USNY0996:1:US,0
0,1,0,0,0,0,0,0,0,0,0,0,0,0,0,0,0,1,1,0,https://stackoverflow.com/users/1234567/user-name?tab=answers,0
0,1,0,0,0,0,0,0,0,0,0,0,0,0,0,0,0,1,1,0,https://soundcloud.com/artist-name/track-name,0
0,1,0,0,0,0,0,0,0,1,0,0,0,0,1,0,0,1,1,0,https://www.ted.com/talks/speaker_name_title?language=en,0
0,1,0,0,0,0,0,0,0,0,0,0,0,0,0,0,0,1,1,0,https://www.khanacademy.org/science/physics/work-and-energy,0
0,1,0,0,0,1,0,0,0,1,0,0,0,0,0,0,1,1,0,0,https://www.udemy.com/course/python-for-beginners/?couponCode=FREE2025,0
0,1,0,0,0,0,0,0,0,1,0,0,0,0,0,0,0,1,0,0,https://www.coursera.org/learn/machine-learning?specialization=ai,0
0,1,0,0,0,0,0,0,0,0,0,0,0,0,0,0,0,1,1,0,https://news.google.com/rss?hl=pt-BR&gl=BR&ceid=BR:pt-419,0
0,1,0,0,0,0,0,0,0,0,0,0,0,0,0,0,0,1,1,0,https://translate.google.com/?sl=en&tl=pt&text=hello%20world&op=translate,0
0,1,0,0,0,1,0,0,0,1,0,0,0,0,0,0,0,1,1,0,https://accounts.google.com/ServiceLogin?service=mail,0
0,1,0,0,0,0,0,0,0,1,0,0,0,0,0,0,0,1,0,0,https://www.youtube.com/watch?v=dQw4w9WgXcQ&t=42s,0
0,1,0,0,0,0,0,0,0,0,0,0,0,0,0,0,0,1,1,0,https://www.linkedin.com/in/satyanadella/,0
0,1,0,0,0,0,0,0,0,0,0,0,0,0,0,0,0,1,1,0,https://developer.mozilla.org/pt-BR/docs/Web/HTML/Element/a,0
0,1,0,0,0,1,0,0,0,1,0,0,0,0,0,0,0,1,0,0,https://support.microsoft.com/pt-br/help/4028443/windows-10-how-to-use-windows-hello,0
0,1,0,0,0,0,0,0,0,0,0,0,0,0,0,0,-1,1,0,0,https://chat.openai.com/chat?model=gpt-4,0
0,1,0,0,0,0,0,0,0,1,0,0,0,0,0,0,0,1,1,0,https://console.cloud.google.com/apis/dashboard?project=my-project-id,0
0,1,0,0,0,0,0,0,0,1,0,0,0,0,0,0,-1,1,0,0,https://www.npmjs.com/package/react-router-dom,0
0,1,0,0,0,0,0,0,0,0,0,0,0,0,0,0,0,1,1,-1,https://pypi.org/project/requests/,0
0,1,0,0,0,0,0,0,0,1,0,0,0,0,0,0,0,1,1,0,https://github.com/tensorflow/tensorflow/blob/master/README.md,0
0,1,1,0,0,1,0,0,0,1,0,0,0,0,0,0,0,1,0,0,https://medium.com/@andrewohara/top-10-cybersecurity-predictions-for-2025-fbcd6c0b13a,0
0,1,0,0,0,0,0,0,0,1,0,0,0,0,0,0,1,1,1,0,https://www.kaggle.com/datasets/sudalairajkumar/novel-corona-virus-2019-dataset,0
0,1,0,0,0,0,0,0,0,1,0,0,0,0,0,0,0,1,0,0,https://www.nature.com/articles/s41586-020-2649-2,0
0,1,0,0,0,0,0,0,0,0,0,0,0,0,0,0,0,1,1,0,https://store.steampowered.com/app/730/CounterStrike_Global_Offensive/,0
0,1,0,0,0,0,0,0,0,1,0,0,0,0,0,0,0,1,0,0,https://www.imdb.com/title/tt4154796/?ref_=fn_al_tt_1,0
0,1,0,0,0,0,0,0,0,0,0,0,0,0,1,0,0,1,0,0,https://edition.cnn.com/travel/article/world-best-tourist-destinations-2025/index.html,0
0,1,0,0,0,0,0,0,0,0,0,0,0,0,1,0,0,1,0,0,https://www.bbc.com/news/science-environment-56837908,0
0,1,0,0,0,0,0,0,0,1,0,0,0,0,0,0,0,1,1,0,https://api.whatsapp.com/send?phone=5511999999999&text=Ol%C3%A1%2C%20tudo%20bem%3F,0
0,1,0,0,0,0,0,0,0,1,0,0,0,0,0,0,-1,1,1,0,https://www.sympla.com.br/evento/workshop-de-python-para-iniciantes/123456,0
0,1,0,0,0,0,0,0,0,1,0,0,0,0,0,0,0,1,1,0,https://web.whatsapp.com/send?phone=+5511988888888,0
0,1,0,0,0,1,0,0,0,1,0,0,0,0,0,0,0,1,0,0,https://www.researchgate.net/publication/334509714_Deep_Learning_in_Cybersecurity,0
0,1,0,0,0,0,0,0,0,1,0,0,0,0,0,0,0,1,1,0,https://www.sciencedirect.com/science/article/pii/S0167739X20318057,0
0,1,0,0,0,0,0,0,0,1,0,0,0,0,1,0,0,1,1,0,https://dl.acm.org/doi/10.1145/3366423.3380105,0
0,1,0,0,0,0,0,0,0,1,0,0,0,0,0,0,0,1,0,0,https://arxiv.org/abs/2302.00001,0
0,1,0,0,0,0,0,0,0,0,0,0,0,0,0,0,-1,1,1,0,https://www.sefaz.rs.gov.br/NFE/NFE-Utilizacao.aspx,0
0,1,0,0,0,0,0,0,0,1,0,0,0,0,0,0,0,1,1,0,https://www.mercadolivre.com.br/monitor-lg-29-ultrawide/p/MLB12345678,0
0,1,0,0,0,0,0,0,0,1,0,0,0,0,0,0,0,1,1,0,https://app.rocketseat.com.br/discover/course/reactjs-navegando-entre-paginas,0
0,1,0,0,0,0,0,0,0,0,0,0,0,0,0,0,0,1,1,0,https://status.github.com/messages,0
0,1,0,0,0,0,0,0,0,1,0,0,0,0,0,0,0,1,0,0,https://status.slack.com/2025-06-27,0
0,1,0,0,0,0,0,0,0,1,0,0,0,0,0,0,0,1,0,0,https://www.cloudflare.com/learning/ssl/what-is-an-ssl-certificate/,0
0,1,0,0,0,0,0,0,0,0,0,0,0,0,0,0,-1,1,0,0,https://portaldatransparencia.gov.br/servidores/consulta?ano=2024&mes=12,0
0,1,0,0,0,0,0,0,0,1,0,0,0,0,0,0,0,1,0,0,https://www.serasa.com.br/consulta-cpf/,0
0,1,0,0,0,0,0,0,0,0,0,0,0,0,0,0,0,1,0,0,https://www.remessaonline.com.br/cotacao/cambio,0
0,1,0,0,0,0,0,0,0,1,0,0,0,0,0,0,0,1,0,0,https://br.investing.com/equities/vale-on-nm,0
0,1,0,0,0,0,0,0,0,0,0,0,0,0,0,0,0,1,1,0,https://br.tradingview.com/chart/?symbol=BMF%3AVALE3,0
0,1,0,0,0,0,0,0,0,0,0,0,0,0,0,0,0,1,0,0,https://www.infomoney.com.br/mercados/acoes/,0
0,1,0,0,0,0,0,0,0,1,0,0,0,0,1,0,0,1,1,0,https://economia.uol.com.br/cotacoes/,0
0,1,0,0,0,0,0,0,0,1,0,0,0,0,0,0,0,1,0,0,https://www.terra.com.br/noticias/brasil/,0
0,1,0,0,0,0,0,0,0,1,0,0,0,0,0,0,0,1,1,0,https://g1.globo.com/economia/noticia/2025/06/27/dolar-comercial-fecha-em-alta.ghtml,0
0,1,0,0,0,0,0,0,0,1,0,0,0,0,0,0,0,1,0,0,https://www.coursera.org/learn/machine-learning?specialization=ai,0
0,1,0,0,0,0,0,0,0,0,0,0,0,0,0,0,0,1,1,0,https://classroom.google.com/u/1/c/NjA0Njk4MjM0M1pa,0
0,1,0,0,0,0,0,0,0,1,0,0,0,0,0,0,0,1,1,0,https://open.spotify.com/playlist/37i9dQZF1DXdPec7aLTmlC,0
0,1,0,0,0,0,0,0,0,1,0,0,0,0,0,0,0,1,0,0,https://mail.proton.me/u/0/inbox,0
0,1,1,0,0,0,0,0,0,1,0,0,0,0,0,0,0,1,0,0,https://web.telegram.org/k/#@CanalTesteExemplo,0
0,1,0,0,0,0,0,0,0,1,0,0,0,0,0,0,0,1,0,0,https://www.alura.com.br/artigos/entendendo-o-dom-e-a-arvore-dom,0
0,1,0,0,0,0,0,0,0,1,0,0,0,0,0,0,0,1,1,0,https://canaltech.com.br/internet/o-que-e-vpn-e-como-funciona-199488/,0
0,1,0,0,0,0,0,0,0,0,0,0,0,0,1,0,0,1,1,0,https://www.dio.me/articles/entendendo-o-que-e-api-de-uma-forma-simples,0
0,1,0,0,0,0,0,0,0,0,0,0,0,0,0,0,0,1,1,0,https://github.com/orgs/openai/repositories?q=chatgpt,0
0,1,0,0,0,0,0,0,0,0,0,0,0,0,0,0,1,1,0,0,https://huggingface.co/spaces/yuntian-deng/ChatGPT,0
0,1,0,0,0,0,0,0,0,0,0,0,0,0,0,0,0,1,0,0,https://nextjs.org/docs/pages/building-your-application/routing,0
0,1,0,0,0,0,0,0,0,0,0,0,0,0,0,0,0,1,0,0,https://vercel.com/docs/concepts/projects/overview,0
0,1,0,0,0,0,0,0,0,0,0,0,0,0,0,0,0,1,0,0,https://api.openweathermap.org/data/2.5/weather?q=Sao%20Paulo&appid=SEU_TOKEN,0
0,1,0,0,0,0,0,0,0,0,0,0,0,0,0,0,0,1,1,0,https://play.google.com/store/apps/details?id=com.whatsapp,0
0,1,0,0,0,0,0,0,0,1,0,0,0,0,0,0,0,1,1,0,https://apps.apple.com/us/app/telegram-messenger/id686449807,0
0,1,0,0,0,0,0,0,0,0,0,0,0,0,0,0,0,1,0,0,https://www.jetbrains.com/pycharm/download/?section=windows,0
0,1,0,0,0,0,0,0,0,1,0,0,0,0,0,0,0,1,1,0,https://docs.python.org/3/library/datetime.html,0
0,1,0,0,0,0,0,0,0,0,0,0,0,0,0,0,0,1,0,0,https://fastapi.tiangolo.com/tutorial/query-params-str-validations/,0
0,1,0,0,0,0,0,0,0,0,0,0,0,0,0,0,0,1,1,0,https://flask.palletsprojects.com/en/2.3.x/quickstart/,0
0,1,0,0,0,0,0,0,0,1,0,0,0,0,0,0,0,1,1,0,https://pandas.pydata.org/docs/user_guide/index.html,0
0,1,0,0,0,0,0,0,0,1,0,1,0,0,0,0,0,1,0,0,https://scikit-learn.org/stable/modules/generated/sklearn.ensemble.RandomForestClassifier.html,0
0,1,0,0,0,0,0,0,0,1,0,0,0,0,0,0,1,1,0,0,https://www.tensorflow.org/tutorials/images/classification,0
0,1,0,0,0,0,0,0,0,1,0,0,0,0,0,0,0,1,1,0,https://keras.io/api/layers/core_layers/dense/,0
0,1,0,0,0,0,0,0,0,1,0,0,0,0,0,0,0,1,0,0,https://matplotlib.org/stable/gallery/index.html,0
0,1,0,0,0,0,0,0,0,1,0,0,0,0,0,0,0,1,0,0,https://seaborn.pydata.org/examples/index.html,0
0,1,0,0,0,0,0,0,0,0,0,0,0,0,0,0,0,1,0,0,https://numpy.org/doc/stable/reference/random/generated/numpy.random.rand.html,0
0,1,0,0,0,0,0,0,0,0,0,0,0,0,0,0,0,1,1,0,https://jupyter.org/try-jupyter/lab/,0
0,1,0,0,0,0,0,0,0,0,0,0,0,0,0,0,0,1,1,0,https://colab.research.google.com/drive/1Xyz123abc456DEF789gHIjklMnO/view?usp=sharing,0
0,1,0,0,0,0,0,0,0,0,0,0,0,0,0,0,0,1,1,0,https://mybinder.org/v2/gh/binder-examples/requirements/HEAD,0
0,1,1,0,0,0,0,0,0,0,0,0,0,0,0,0,0,1,0,0,https://replit.com/@OpenAI/ChatGPT-Clone?v=1,0
0,1,0,0,0,0,0,0,0,1,0,0,0,0,0,0,0,1,1,0,https://glitch.com/edit/#!/chatbot-project,0
0,1,0,0,0,0,0,0,0,0,0,0,0,0,0,0,0,1,1,-1,https://www.digitalocean.com/community/tutorials/how-to-use-nginx-as-a-reverse-proxy,0
0,1,0,0,0,0,0,0,0,1,0,0,0,0,0,0,0,1,0,0,https://www.linode.com/docs/guides/installing-docker-on-ubuntu-22-04/,0
0,1,0,0,0,0,0,0,0,0,0,0,0,0,0,0,0,1,0,0,https://www.heroku.com/pricing,0
0,1,0,0,0,1,0,0,0,0,0,0,0,0,0,0,0,1,0,0,https://dashboard.render.com/web/services,0
0,1,0,0,0,0,0,0,0,0,0,0,0,0,0,0,0,1,1,-1,https://railway.app/new,0
0,1,0,0,0,0,0,0,0,0,0,0,0,0,0,0,1,1,0,0,https://supabase.com/docs/guides/getting-started,0
0,1,0,0,0,0,0,0,0,1,0,0,0,0,0,0,0,1,1,0,https://firebase.google.com/docs/hosting,0
0,1,0,0,0,0,0,0,0,0,0,0,0,0,0,0,0,1,1,0,https://console.aws.amazon.com/s3/home,0
0,1,0,0,0,0,0,0,0,1,0,0,0,0,0,0,-1,1,1,0,https://console.cloud.google.com/storage/browser,0
0,1,0,0,0,1,0,0,0,1,0,0,0,0,0,0,0,1,0,0,https://portal.azure.com/#blade/HubsExtension/BrowseResourceBlade/resourceType/Microsoft.Storage%2FStorageAccounts,0
0,1,0,0,0,0,0,0,0,1,0,0,0,0,0,0,0,1,1,0,https://www.cloudflare.com/dns/,0
0,1,0,0,0,0,0,0,0,0,0,0,0,0,0,0,0,1,1,0,https://pages.github.com/,0
0,1,0,0,0,0,0,0,0,0,0,0,0,0,0,0,0,1,1,0,https://netlify.com/blog/2023/01/01/introducing-new-edge-functions/,0
0,1,0,0,0,0,0,0,0,0,0,0,0,0,0,0,1,1,1,0,https://eslint.org/docs/latest/use/configure/,0
0,1,0,0,0,0,0,0,0,1,0,0,0,0,0,0,0,1,0,0,https://prettier.io/playground/,0
0,1,0,0,0,0,0,0,0,1,0,0,0,0,0,0,0,1,0,0,https://tailwindcss.com/docs/installation,0
0,1,0,0,0,0,0,0,0,1,0,0,0,0,0,0,0,1,0,0,https://getbootstrap.com/docs/5.3/getting-started/introduction/,0
0,1,0,0,0,0,0,0,0,0,0,0,0,0,0,0,0,1,1,0,https://fontawesome.com/docs/web/setup/host-yourself/,0
0,1,0,0,0,0,0,0,0,1,0,0,0,0,0,0,0,1,1,0,https://fonts.google.com/specimen/Roboto,0
0,1,0,0,0,0,0,0,0,0,0,0,0,0,0,0,0,1,1,0,https://www.notion.so/openai/OpenAI-Product-Roadmap-e3a1b3cf6ed34a2c911527b7033dbcc2,0
0,1,0,0,0,0,0,0,0,0,0,0,0,0,0,0,0,1,0,0,https://www.figma.com/file/abc123/Design-System?type=design&node-id=0-1,0
0,1,0,0,0,0,0,0,0,1,0,0,0,0,0,0,1,1,0,0,https://miro.com/app/board/uXjVOPzAB4Q=/,0
0,1,0,0,0,0,0,0,0,0,0,0,0,0,0,0,0,1,1,0,https://trello.com/b/xyz987/kanban-board,0
0,1,0,0,0,0,0,0,0,1,0,0,0,0,0,0,0,1,1,-1,https://www.opinionstage.com/page/67605440-a97d-410a-a095-143322727564,1
0,1,0,0,0,0,0,0,0,0,0,0,0,0,0,0,-1,1,0,0,https://docs.zoom.us/doc/AiwxYL0dQaCqhZ6Mk7O5uw,1
0,0,0,0,0,0,0,0,1,0,0,0,0,0,0,0,0,1,1,1,http://allegrolokalnie.oferta4321.shop/,1
0,1,0,0,0,0,0,0,0,1,0,0,0,0,0,0,0,1,1,-1,https://www.lemonde.fr/,1
0,1,0,0,0,0,0,0,0,1,0,0,0,0,0,0,0,1,1,0,https://www.lemonde.fr/,1
0,1,0,0,0,0,0,0,0,1,0,0,0,0,0,0,0,1,0,0,https://s3.us-east-2.amazonaws.com/opmanwhyu/Vcaptcha.html,1
0,1,1,0,0,1,0,0,0,1,0,0,0,0,0,0,0,1,0,0,https://presidencygroup.org/.wp-lncludes/#rjohns@texasbankandtrust.com,1
0,1,0,0,0,0,0,0,0,0,0,0,0,0,1,0,0,1,0,0,https://han.gl/NPKtr,1
0,1,0,0,0,1,0,0,0,1,0,0,0,0,0,0,0,1,1,0,https://cryptoactivation.webflow.io/,1
0,1,0,0,0,0,0,0,0,0,0,0,0,0,0,0,0,1,1,-1,https://temporallogic.org/research/TACAS18/task/wetranfa/transferwe/index.html,1
0,1,0,0,1,0,0,0,0,0,0,0,0,0,0,0,0,1,1,0,https://twitter.com/safety/unsafe_link_warning?unsafe_link=https://msmkuhny.ru/amxs.html,1
0,1,0,0,0,0,0,0,1,1,0,0,0,0,0,0,1,1,1,0,https://barconminc.com/,1
0,1,0,0,0,1,0,0,0,1,0,0,0,0,0,0,0,1,1,0,https://metamaskloginef.webflow.io/,1
0,1,0,0,0,0,0,0,0,1,0,0,0,0,0,0,0,1,0,0,https://afifmodern.com/wp-admin/fmp/bmp.html,1
0,1,0,0,0,0,0,0,1,0,0,0,0,0,0,0,0,1,0,0,https://welcome-com-uphold-cdn.teachable.com/l/products,1
0,1,0,0,1,0,0,0,0,1,0,0,0,0,0,0,0,1,1,0,https://twitter.com/safety/unsafe_link_warning?unsafe_link=https://thearabunion.com/xmp/vcmp.html,1
0,1,0,0,0,1,0,0,0,1,0,0,0,0,0,0,0,1,1,0,https://trzjor-suite-secure.teachable.com/l/products,1
0,0,0,0,0,0,0,0,0,1,0,0,0,0,0,0,0,1,0,0,http://terezoriostaart.newzenler.com/,1
0,1,0,0,0,0,0,0,0,0,0,0,0,0,0,0,0,1,0,0,https://terezoriostaart.newzenler.com/,1
0,1,0,0,0,0,0,0,0,1,0,0,0,0,0,0,0,1,1,0,https://trzr-start-public.teachable.com/l/products,1
0,1,0,0,0,1,0,0,0,1,0,0,0,0,0,0,0,1,1,-1,https://treazorhardwarewallett.gitbook.io/usa,1
0,1,0,0,0,0,0,0,0,0,0,0,0,0,0,0,0,1,1,0,https://en-exodus-us.github.io/en-us/,1
0,1,0,0,0,0,0,0,0,1,0,0,0,0,0,0,0,1,0,0,https://www.mediafire.com/error.php?errno=323&quickkey=opnwc3ggb9fdumc&origin=download,1
0,1,0,0,0,0,0,0,1,1,-1,1,0,0,0,0,0,1,1,1,https://payement-telepeage-autoroute.com/check,1
0,1,0,0,0,0,0,0,0,0,0,0,0,0,0,0,0,1,1,0,https://rebrandly.info/stop,1
0,1,0,0,0,0,0,0,0,0,0,0,0,0,0,0,0,1,1,0,https://rebrand.ly/cc0c83?rb.routing.mode=proxy&rb.routing.signature=451910,1
0,0,1,0,0,1,0,0,0,0,0,0,0,0,0,0,1,1,1,0,http://avologypro.com/css/mailhost/main/root/web.mail.verify/login/Login%20Inbox.html#admin@example.com,1
0,1,0,0,0,0,0,0,0,1,0,0,0,0,0,0,0,1,1,0,https://web-eng-bridge-doc.teachable.com/l/products,1
0,1,0,0,0,0,0,0,0,0,0,0,0,0,0,0,0,1,1,0,https://www.lemonde.fr/,1
0,1,0,0,0,0,0,0,0,0,0,0,0,0,0,0,0,1,1,0,https://www.lemonde.fr/,1
0,0,0,0,0,0,0,0,1,0,0,1,0,0,0,0,0,1,1,1,http://allegro.pl-oferta3642127.shop/,1
0,1,0,0,0,0,0,0,0,0,0,0,0,0,0,0,-1,1,1,0,https://blinq.me/tbOOjBks5QsR?bs=db,1
0,1,0,0,0,0,0,0,0,0,0,0,0,0,0,0,0,1,1,0,https://blinq.me/TCeRVLdsP3o2?bs=db,1
0,1,0,0,0,0,0,0,0,0,0,0,0,0,0,0,-1,1,1,0,https://blinq.me/IvMhoFKHBbfj?bs=db,1
0,1,0,0,0,0,0,0,0,1,0,0,0,0,0,0,-1,1,1,0,https://blinq.me/xIiNJhR3641I?bs=db,1
0,1,0,0,0,0,0,0,0,1,0,0,0,0,0,0,0,1,1,0,https://blinq.me/oTQWjD1aZqcX?bs=db,1
0,1,0,0,0,0,0,0,0,1,0,0,0,0,0,0,0,1,1,0,https://blinq.me/Mc6PtQXGp4Fs?bs=db,1
0,1,0,0,0,0,0,0,0,0,0,0,0,0,0,0,-1,1,1,0,https://blinq.me/cmc31af4w0e4fs60mbpw6nbw9?bs=db,1
0,1,0,0,0,0,0,0,0,0,0,0,0,0,0,0,0,1,1,0,https://blinq.me/8bJymKj7XE6w?bs=db,1
0,1,0,0,0,0,0,0,0,0,0,0,0,0,0,0,0,1,1,0,https://blinq.me/TyRw3XE6rqlX?bs=db,1
0,1,0,0,0,0,0,0,0,1,0,0,0,0,0,0,0,1,0,0,https://popl.co/card/B07a6TDC/1,1
0,1,0,0,0,0,0,0,0,0,0,0,0,0,0,0,0,1,0,0,https://popl.co/card/DHedrM4X/1,1
0,1,0,0,0,0,0,0,0,0,0,0,0,0,0,0,0,1,1,0,https://blinq.me/9tESTPNGUtHi?bs=db,1
0,1,0,0,1,0,0,0,0,0,0,0,0,0,0,0,0,1,1,0,https://twitter.com/safety/unsafe_link_warning?unsafe_link=https://vkir331.com/jp,1
0,1,0,0,1,0,0,0,0,0,0,0,0,0,0,0,0,1,1,0,https://twitter.com/safety/unsafe_link_warning?unsafe_link=https://gyieho3.com/jp,1
0,1,0,0,0,0,0,0,1,1,0,0,0,0,0,0,1,1,1,0,https://taplanding.com/baxz8mbzqb,1
0,0,0,0,0,0,0,0,0,0,0,1,0,0,0,0,0,1,1,0,http://ier.m-pages.com/404.html,1
0,1,0,0,0,0,0,0,0,1,0,0,0,0,0,0,0,1,1,0,https://blinq.me/6HreufBFQGOd?bs=db,1
0,1,0,0,0,0,0,0,0,0,0,0,0,0,0,0,0,1,1,0,https://blinq.me/3j48cxP9zPbt?bs=db,1
0,1,0,0,1,0,0,0,0,0,0,0,0,0,0,0,0,1,1,0,https://twitter.com/safety/unsafe_link_warning?unsafe_link=https://hyhq457.com/jp,1
0,1,0,0,1,0,0,0,0,0,0,0,0,0,0,0,0,1,1,0,https://twitter.com/safety/unsafe_link_warning?unsafe_link=https://stwzv55.com/jp,1
0,1,0,0,1,0,0,0,0,1,0,0,0,0,0,0,0,1,1,0,https://twitter.com/safety/unsafe_link_warning?unsafe_link=https://idbj891.com/jp,1
0,1,0,0,1,0,0,0,0,1,0,0,0,0,0,0,0,1,1,0,https://twitter.com/safety/unsafe_link_warning?unsafe_link=https://zyaxtp6.com/jp,1
0,1,0,0,0,0,0,0,0,1,0,0,0,0,0,0,0,1,1,0,https://blinq.me/CWhM2Txzn3JE?bs=db,1
0,1,0,0,0,0,0,0,0,1,0,0,0,0,0,0,0,1,1,0,https://blinq.me/c9ch3epxe1rC?bs=db,1
0,1,0,0,0,0,0,0,0,1,0,0,0,0,0,0,0,1,1,0,https://blinq.me/qTMx7eUGI8At?bs=db,1
0,1,0,0,0,0,0,0,0,1,0,0,0,0,0,0,0,1,1,0,https://eu.jotform.com/app/251675772663569,1
0,1,0,0,0,0,0,0,0,1,0,0,0,0,0,0,0,1,1,-1,https://blinq.me/5jgF1CSFr0mG?bs=db,1
0,1,0,0,0,0,0,0,0,1,0,0,0,0,0,0,0,1,1,0,https://samdarcy11.wixstudio.com/my-site-2,1
0,1,0,0,0,0,0,0,0,1,0,0,0,0,0,0,0,1,1,0,https://blinq.me/HMcXfcXpNza7?bs=db,1
0,1,0,0,0,0,0,0,0,0,0,0,0,0,0,0,0,1,1,0,https://blinq.me/llIfmosaKOEY?bs=db,1
0,1,0,0,0,0,0,0,0,0,0,0,0,0,0,0,0,1,1,0,https://blinq.me/cOgYUt0WRxZL?bs=db,1
0,1,0,0,0,0,0,0,0,1,0,0,0,0,0,0,0,1,1,0,https://blinq.me/XVu9rbv5Z9pG?bs=db,1
0,1,0,0,0,0,0,0,0,0,0,0,0,0,0,0,0,1,1,0,https://blinq.me/udHJtfgSvehR?bs=db,1
0,1,0,0,0,0,0,0,0,1,0,0,0,0,0,0,0,1,1,0,https://blinq.me/cmc3llzmg2j7bs60l4lh4ygp4?bs=db,1
0,1,0,0,0,0,0,0,0,1,0,0,0,0,0,0,0,1,1,0,https://blinq.me/9eQa6B57rHih?bs=db,1
0,1,0,0,0,0,0,0,0,0,0,0,0,0,0,0,0,1,1,0,https://blinq.me/HGnFzcuG3Gd3?bs=db,1
0,1,0,0,0,0,0,0,0,1,0,0,0,0,0,0,0,1,1,0,https://blinq.me/rSQOLW9ZKTm1?bs=db,1
0,1,0,0,0,0,0,0,0,0,0,0,0,0,0,0,0,1,1,0,https://blinq.me/TG2eF6I7DxGi?bs=db,1
0,1,0,0,0,0,0,0,0,0,0,0,0,0,0,0,0,1,1,0,https://blinq.me/B7nK84SgWA9W?bs=db,1
0,1,0,0,0,0,0,0,0,0,0,0,0,0,0,0,0,1,1,0,https://eu.jotform.com/app/251693173352357,1
0,0,0,0,0,0,0,0,1,0,0,1,0,0,0,0,0,1,1,1,http://allegrolokalnie.oferta-1637510.shop/,1
0,1,0,0,0,0,0,0,0,1,0,0,0,0,1,0,1,1,0,0,https://hm.ru/,1
0,1,0,0,0,0,0,0,0,0,0,0,0,0,1,0,1,1,1,0,https://hm.ru/,1
0,1,0,0,0,0,0,0,0,0,0,0,0,0,1,0,1,1,1,0,https://hm.ru/,1
0,1,0,0,1,0,0,0,0,0,0,0,0,0,0,0,0,1,1,0,https://twitter.com/safety/unsafe_link_warning?unsafe_link=https://vymp770.com/jp,1
0,1,0,0,1,0,0,0,0,0,0,0,0,0,0,0,0,1,1,0,https://twitter.com/safety/unsafe_link_warning?unsafe_link=https://idjq083.com/jp,1
0,1,0,0,1,0,0,0,0,0,0,0,0,0,0,0,0,1,1,0,https://twitter.com/safety/unsafe_link_warning?unsafe_link=https://hltsbe0.com/jp,1
0,1,0,0,1,0,0,0,0,0,0,0,0,0,0,0,-1,1,1,0,https://twitter.com/safety/unsafe_link_warning?unsafe_link=https://puxr830.com/jp,1
0,1,0,0,0,0,0,0,0,0,0,0,0,0,0,0,0,1,1,0,https://docs.google.com/presentation/d/e/2PACX-1vTWsmRXmFNwiUO32pWdarn1WqAVNXGWjOeuGxP4Pg4jBy5Rnq_ynGWmdN7XVU4ttETgiQFyfuWU7lzK/pub?start=false&amp;loop=false&amp;delayms=3000,1
0,1,0,0,0,1,0,0,0,0,0,0,0,0,0,0,0,1,1,0,https://att-login06.weebly.com/,1
0,0,0,0,0,0,0,0,1,0,0,1,0,0,0,0,0,1,1,1,http://allegrolokalnie.oferta-274913.shop/,1
0,1,0,0,1,0,0,0,0,0,0,0,0,0,0,0,0,1,1,0,https://twitter.com/safety/unsafe_link_warning?unsafe_link=https://1-tr.ru/bof.html,1
0,1,0,0,0,0,0,0,0,0,0,0,0,0,0,0,0,1,1,0,https://messagerie-orange-pro.mystrikingly.com/i/construction,1
0,0,0,0,0,0,0,0,1,0,0,0,0,0,0,0,0,1,1,0,http://tnidytpjzx.duckdns.org/en/,1
0,1,0,0,0,0,0,0,0,1,0,0,0,0,0,0,0,1,1,0,https://docs.google.com/presentation/d/e/2PACX-1vTWsmRXmFNwiUO32pWdarn1WqAVNXGWjOeuGxP4Pg4jBy5Rnq_ynGWmdN7XVU4ttETgiQFyfuWU7lzK/pub,1
0,1,0,0,0,0,0,0,1,1,-1,1,0,0,0,0,0,1,0,1,https://allegro.pl-ofertax081247.shop/,1
0,0,0,0,0,0,0,0,1,-1,0,1,0,0,0,0,0,1,1,1,http://allegrolokalnie.pl-oferta3642127.shop/,1
0,1,0,0,0,0,0,0,0,1,0,0,0,0,0,0,0,1,1,-1,https://allegrolokalnie.064060.shop/?id=9nn5mNogEAaHhcF2If9bfn4hndgIF0,1
0,0,0,0,0,0,0,0,0,0,0,1,0,0,0,0,1,1,1,0,http://firstcorporationllc-property.ru/,1
0,1,0,0,0,0,0,0,0,0,0,0,0,0,0,0,0,1,1,0,https://app.jotform.com/251692439172563,1
0,1,0,0,0,0,0,0,1,1,0,0,0,0,0,0,0,1,1,0,https://jkhgdffghj.weeblysite.com/,1
0,1,0,0,0,0,0,0,0,1,0,0,0,0,0,0,0,1,1,0,https://docs.google.com/presentation/d/e/2PACX-1vT7aJpLDxXX0fwOu8g_JONanHEFBMV1oXjN77mMdrETUaGBX2ltkn-2uhAudEZ8FDvFAzLay6tjrgf1/pub,1
0,1,1,0,0,0,0,0,0,0,0,0,0,0,0,0,0,1,1,0,https://fpatletismo.org/siteprotection/synthetic/someone@example.com,1
0,1,0,0,0,0,0,0,0,0,0,0,0,0,0,0,1,1,0,0,https://hemichemical.com.mx/web/ionos.html,1
0,1,0,0,0,1,0,0,1,0,0,0,0,0,0,0,0,1,0,0,https://server560753.nazwa.pl/dkb_2/login.php,1
0,1,0,0,0,0,0,0,0,0,0,0,0,0,0,0,0,1,1,0,https://www.lemonde.fr/,1
0,1,0,0,0,0,0,0,0,1,0,0,0,0,0,0,0,1,1,0,https://www.lemonde.fr/,1
0,1,0,0,0,0,0,0,0,1,0,0,0,0,1,0,0,1,1,0,https://shoutout.wix.com/so/6aPTuRb8y#4bygvk14331thev478fhmpozhegr1625PTADKOCQZPBCFUZ3686XLLD1933l19,1
0,1,0,0,0,0,0,0,0,1,0,0,0,0,0,0,0,1,1,0,https://en-brdge-learn.teachable.com/l/products,1
0,1,0,0,0,1,1,0,0,0,0,0,0,0,0,0,0,1,1,0,https://accounts.google.com/v3/signin/identifier?continue=https%3A%2F%2Fsites.google.com%2Fview%2Fweb-de-webm-aps2%3Fusp%3Dsharing&followup=https%3A%2F%2Fsites.google.com%2Fview%2Fweb-de-webm-aps2%3Fusp%3Dsharing&ifkv=AdBytiN2l3IzXqAvt48MG9yRRFCUCTmD85VAzFvRWHFC3p48kdNgmFoiCewUiVKWMSInLtJYTtUICQ&osid=1&passive=1209600&flowName=WebLiteSignIn&flowEntry=ServiceLogin&dsh=S-2096905665%3A1751019970396698,1
0,1,0,0,1,0,0,0,0,0,0,0,0,0,0,0,0,1,1,0,https://twitter.com/safety/unsafe_link_warning?unsafe_link=https://smbccardo.cloud/jp,1
0,1,0,0,1,0,0,0,0,0,0,0,0,0,0,0,0,1,1,0,https://twitter.com/safety/unsafe_link_warning?unsafe_link=https://smbccardo.world/jp,1
0,1,0,0,1,0,0,0,0,0,0,0,0,0,0,0,0,1,1,0,https://twitter.com/safety/unsafe_link_warning?unsafe_link=https://smbccardo.top/jp,1
0,1,0,0,1,0,0,0,0,0,0,0,0,0,0,0,-1,1,1,0,https://twitter.com/safety/unsafe_link_warning?unsafe_link=https://smbccardo.xyz/jp,1
0,1,0,0,1,0,0,0,0,1,0,0,0,0,0,0,0,1,1,0,https://twitter.com/safety/unsafe_link_warning?unsafe_link=https://zqy99.com/jp,1
0,1,0,0,1,0,0,0,0,1,0,0,0,0,0,0,0,1,1,0,https://twitter.com/safety/unsafe_link_warning?unsafe_link=https://amc38.com/jp,1
0,1,0,0,1,0,0,0,0,1,0,0,0,0,0,0,0,1,1,0,https://twitter.com/safety/unsafe_link_warning?unsafe_link=https://fnp66.com/jp,1
0,1,0,0,1,0,0,0,0,1,0,0,0,0,0,0,0,1,1,0,https://twitter.com/safety/unsafe_link_warning?unsafe_link=https://hqs68.com/jp,1
0,1,0,0,0,1,0,0,0,1,0,0,0,0,0,0,1,1,1,0,https://ledtvrepairservice.com/log/6563738/,1
0,1,0,0,0,1,0,0,0,1,0,0,0,0,0,0,1,1,1,0,https://ledtvrepairservice.com/log/,1
0,0,0,0,0,0,0,0,0,0,0,0,0,0,0,0,0,1,0,0,http://dev2.solidsolutions.co.uk/assets/mk.htm,1
0,0,0,0,0,1,0,0,0,0,0,0,0,0,0,0,0,1,1,1,http://blubanking4you.it/def/login.php,1
0,1,0,0,0,0,0,0,0,1,0,0,0,0,0,0,0,1,1,0,https://878032701804357642.weebly.com/,1
0,1,0,0,0,1,0,0,0,0,0,0,0,0,0,0,0,1,1,0,https://radiancesalt.com/BGF/edarw/qase/web/authen.php?web/auth/arub12#/dashboard/overviewAccounts/overview/index=NbxFPO4tgMjyU4p2av3A1lTcKhMmkSc84JNUySnOEHmzLMBWiEwjZqvJIi63bibf2Y9AQxoveL40xGXP,1
0,1,0,0,0,1,0,0,0,0,0,0,0,0,0,0,0,1,1,0,https://radiancesalt.com/BGF/edarw/qase/web/authen.php?web/auth/arub12#/dashboard/overviewAccounts/overview/index=Y1xHXHcaX8U1UrDhyrvrGYUP5EwrIjKHkioi0AtXJnZDPDVn5qPMpJBun7V6rGNLZc4ZNxXwVXaKA58F,1
0,1,0,0,0,0,0,0,0,1,0,0,0,0,0,0,0,1,1,0,https://docs.google.com/forms/d/e/1FAIpQLScfjjlQTLKEdMf89Ed_SDGRDe61A0MF7zbMzIAfOO13WV5QiQ/viewform,1
0,0,0,0,0,0,0,0,0,0,0,0,0,0,0,0,0,1,1,0,http://dev2.solidsolutions.co.uk/wp-content/themes/twentytwenty/inc/mk.htm,1
0,1,0,0,0,0,0,0,0,0,0,0,0,0,0,0,0,1,1,0,https://nndjjdfas.weebly.com/,1
0,1,0,0,1,0,0,0,0,0,0,0,0,0,0,0,0,1,1,0,https://twitter.com/safety/unsafe_link_warning?unsafe_link=https://smbccardo.ink/jp,1
0,1,0,0,1,0,0,0,0,0,0,0,0,0,0,0,0,1,1,0,https://twitter.com/safety/unsafe_link_warning?unsafe_link=https://smbccardo.work/jp,1
0,1,0,0,1,0,0,0,0,1,0,0,0,0,0,0,0,1,1,0,https://twitter.com/safety/unsafe_link_warning?unsafe_link=https://smbccardo.icu/jp,1
0,1,0,0,1,0,0,0,0,1,0,0,0,0,0,0,0,1,1,0,https://twitter.com/safety/unsafe_link_warning?unsafe_link=https://smbccardo.cyou/jp,1
0,1,0,0,0,0,0,0,0,1,0,0,0,0,0,0,0,1,0,1,https://pontosnotifica.co/P3Qkb,1
0,1,0,0,0,0,0,0,0,1,0,0,0,0,0,0,0,1,1,0,https://docs.google.com/presentation/d/e/2PACX-1vTe_o8ByvbYzp9FPmA0LiKYmdwGKgWGr6WLPSdoLkrmHAfNLomf9a4v-QtV5ZFFKKgJBlpkC-G5i_uI/pub?start=false&amp;loop=false&amp;delayms=3000,1
0,1,0,0,0,0,0,0,0,0,0,0,0,0,0,0,0,1,1,0,https://docs.google.com/presentation/d/e/2PACX-1vTjDe5VFMBn5L7EdPgregGpETDKBxuxonKqw8rwXG7CIYuBPgvIZTA-ucgYsiUFB1JgHZfB208o1_XC/pub,1
0,1,0,0,0,0,0,0,0,1,0,0,0,0,0,0,0,1,1,0,https://access-en-ledger.teachable.com/p/home,1
0,1,0,0,0,0,0,0,1,0,-1,0,0,0,0,0,0,1,0,0,https://sermucje2.duckdns.org/mufg,1
0,1,0,0,0,0,0,0,1,0,-1,0,0,0,0,0,0,1,0,0,https://sermucje3.duckdns.org/mufg,1
0,1,0,0,0,0,0,0,1,0,-1,0,0,0,0,0,0,1,0,0,https://sermucje4.duckdns.org/mufg,1
0,1,0,0,0,0,0,0,1,1,0,1,0,0,0,0,0,1,0,1,https://allegrolokainie.pl-conformation95.shop/,1
0,0,0,0,0,0,0,0,1,0,0,0,0,0,0,0,0,1,0,0,http://tiigvtpnxv.duckdns.org/en/,1
0,0,0,0,0,0,0,0,1,1,0,1,0,0,0,0,0,1,1,1,http://allegro.pl-conformation95.shop/,1
0,1,0,0,0,0,0,0,0,0,0,0,0,0,0,0,0,1,1,0,https://currentlymail0.weebly.com/,1
0,1,0,0,0,0,0,0,0,1,0,1,0,0,0,0,0,1,1,1,https://renouve-mon-colis.com/fr/m/,1
0,1,0,0,0,0,0,0,0,1,0,1,0,0,0,0,0,1,1,1,https://renouve-mon-colis.com/,1
0,1,0,0,0,0,0,0,0,0,0,1,0,0,0,0,0,1,1,-1,https://renouve-mon-colis.com/captcha.php,1
0,1,0,0,0,0,0,0,0,1,0,0,0,0,0,0,0,1,0,0,https://surveyheart.com/form/648a113cde36994bacfe299b,1
0,1,0,0,0,0,0,0,1,1,0,1,0,0,0,0,0,1,1,1,https://pb-triage.com/search,1
0,1,0,0,0,0,0,0,0,1,0,0,0,0,0,0,1,1,0,0,https://eurotripblog.com/,1
0,1,0,0,0,0,0,0,0,0,0,0,0,0,0,0,0,1,1,0,https://openai.com/blog/chatgpt,0
0,1,0,0,0,0,0,0,0,0,0,0,0,0,0,0,0,1,0,0,https://openai.com/research/gpt-4,0
0,1,0,0,0,1,0,0,0,0,0,0,0,0,0,0,0,1,1,0,https://platform.openai.com/account/usage,0
0,1,0,0,1,1,0,0,0,1,0,0,0,0,0,0,0,1,1,0,https://accounts.google.com/o/oauth2/v2/auth?client_id=abc123&redirect_uri=https://example.com/callback,0
0,1,0,0,0,0,0,0,0,1,0,0,0,0,0,0,0,1,1,0,https://console.developers.google.com/apis/dashboard?project=my-gpt-project,0
0,1,0,0,0,0,0,0,0,0,0,0,0,0,0,0,0,1,1,0,https://www.cloudflarestatus.com/history.atom,0
0,1,0,0,0,0,0,0,0,0,0,0,0,0,0,0,0,1,1,0,https://workspace.google.com/intl/pt-BR/products/,0
0,1,0,0,0,0,0,0,0,0,0,0,0,0,0,0,0,1,0,-1,https://www.w3schools.com/jsref/prop_win_location.asp,0
0,1,0,0,0,0,0,0,0,0,0,0,0,0,0,0,0,1,1,-1,https://www.geeksforgeeks.org/python-programming-language/,0
0,1,0,0,0,0,0,0,0,1,0,0,0,0,0,0,1,1,1,-1,https://www.codecademy.com/learn/learn-python-3,0
0,1,0,0,0,0,0,0,0,0,0,0,0,0,0,0,0,1,1,-1,https://towardsdatascience.com/how-to-build-a-url-classifier-bf7b6e0d6c5d,0
0,1,0,0,0,0,0,0,0,-1,0,0,0,0,0,0,0,1,1,0,https://machinelearningmastery.com/faq/single-faq/what-is-the-best-way-to-normalize-data,0
0,1,0,0,0,0,0,0,0,0,0,0,0,0,0,0,0,1,0,0,https://learn.microsoft.com/en-us/training/modules/create-ml-models-with-python/,0
0,1,0,0,0,0,0,0,0,1,0,0,0,0,0,0,0,1,1,0,https://azure.microsoft.com/en-us/products/machine-learning/,0
0,1,0,0,0,0,0,0,0,0,0,0,0,0,0,0,-1,1,1,0,https://docs.aws.amazon.com/sagemaker/latest/dg/how-it-works-training.html,0
0,1,0,0,0,0,0,0,0,0,0,0,0,0,0,0,-1,1,1,0,https://registry.terraform.io/providers/hashicorp/aws/latest/docs,0
0,1,0,0,0,0,0,0,0,0,0,0,0,0,0,0,-1,1,1,0,https://developer.hashicorp.com/terraform/cli/commands,0
0,1,0,0,0,0,0,0,0,1,0,0,0,0,0,0,1,1,0,0,https://circleci.com/docs/2.0/configuration-reference/,0
0,1,0,0,0,0,0,0,0,0,0,0,0,0,0,0,0,1,0,0,https://about.gitlab.com/stages-devops-lifecycle/continuous-integration/,0
0,1,0,0,0,0,0,0,0,1,0,0,0,0,0,0,0,1,1,0,https://www.docker.com/products/docker-desktop/,0
0,1,0,0,0,0,0,0,0,0,0,0,0,0,0,0,0,1,1,0,https://hub.docker.com/_/python,0
0,1,0,0,0,0,0,0,0,0,0,0,0,0,0,0,0,1,1,-1,https://docs.docker.com/compose/compose-file/,0
0,1,0,0,0,0,0,0,0,0,0,0,0,0,0,0,0,1,1,0,https://grafana.com/docs/grafana/latest/dashboards/,0
0,1,0,0,0,0,0,0,0,0,0,0,0,0,0,0,-1,1,0,0,https://logtail.com/blog/what-is-observability/,0
0,1,0,0,0,0,0,0,0,0,0,0,0,0,0,0,0,1,0,0,https://www.elastic.co/guide/en/elasticsearch/reference/current/index.html,0
0,1,0,0,0,0,0,0,0,0,0,0,0,0,0,0,0,1,0,0,https://datadoghq.com/blog/log-management/,0
0,1,0,0,0,0,0,0,0,0,0,0,0,0,0,0,0,1,1,0,https://newrelic.com/platform,0
0,1,0,0,0,0,0,0,0,0,0,0,0,0,0,0,0,1,1,-1,https://www.cloudflare.com/learning/cdn/what-is-a-cdn/,0
0,1,0,0,0,0,0,0,0,0,0,0,0,0,0,0,0,1,0,0,https://httpbin.org/get?param1=value1,0
0,1,0,0,0,0,0,0,0,0,0,0,0,0,0,0,0,1,1,0,https://reqres.in/api/users?page=2,0
0,1,0,0,0,0,0,0,0,0,0,0,0,0,0,0,0,1,0,0,https://pokeapi.co/api/v2/pokemon/pikachu,0
0,1,0,0,0,0,0,0,0,0,0,0,0,0,0,0,0,1,1,0,https://rickandmortyapi.com/api/character/2,0
0,1,0,0,0,0,0,0,0,1,0,0,0,0,1,0,0,1,0,0,https://dog.ceo/api/breeds/image/random,0
0,1,0,0,0,0,0,0,0,0,0,0,0,0,0,0,0,1,0,0,https://icanhazip.com/,0
0,1,0,0,0,0,0,0,0,0,0,0,0,0,0,0,0,1,1,0,https://api.github.com/repos/octocat/hello-world,0
0,1,0,0,0,0,0,0,0,1,0,0,0,0,0,0,0,1,1,0,https://datausa.io/api/data?drilldowns=Nation&measures=Population,0
0,1,0,0,0,0,0,0,0,1,0,0,0,0,0,0,0,1,0,0,https://wttr.in/Sao%20Paulo?format=j1,0
0,1,0,0,0,0,0,0,0,0,0,0,0,0,0,0,0,1,1,0,https://timeapi.io/api/Time/current/zone?timeZone=America/Sao_Paulo,0
0,1,0,0,0,0,0,0,0,1,0,0,0,0,0,0,0,1,1,0,https://status.openai.com/history,0
0,1,0,0,0,0,0,0,0,1,0,0,0,0,0,0,0,1,0,0,https://developers.facebook.com/tools/explorer/?method=GET&path=me%3Ffields%3Did%2Cname,0
0,1,0,0,0,0,0,0,0,1,0,0,0,0,0,0,0,1,1,0,https://developers.google.com/maps/documentation/javascript/examples/marker-simple,0
0,1,0,0,0,0,0,0,0,0,0,0,0,0,0,0,0,1,1,0,https://maps.googleapis.com/maps/api/geocode/json?address=Sao+Paulo&key=YOUR_API_KEY,0
0,1,0,0,0,0,0,0,0,1,0,0,0,0,0,0,-1,1,1,0,https://console.firebase.google.com/project/_/database/firestore/data/~2Fusers~2Fuser123,0
0,1,0,0,0,1,0,0,0,1,0,0,0,0,0,0,0,1,0,0,https://auth0.com/docs/secure/attack-protection,0
0,1,0,0,0,0,0,0,0,0,0,0,0,0,0,0,0,1,1,-1,https://learn.microsoft.com/pt-br/azure/active-directory-b2c/,0
0,1,0,0,0,0,0,0,0,0,0,0,0,0,0,0,-1,1,1,0,https://registro.br/2/whois?search=google.com.br,0
0,1,0,0,0,0,0,0,0,0,0,0,0,0,1,0,0,1,1,0,https://web.dio.me/home?tab=skills,0
0,1,0,0,0,0,0,0,0,0,0,0,0,0,0,0,0,1,1,0,https://api.github.com/users/octocat/orgs,0
0,1,0,0,0,0,0,0,0,0,0,0,0,0,0,0,0,1,1,0,https://npmjs.com/search?q=express,0
0,1,1,0,0,0,0,0,0,0,0,0,0,0,0,0,0,1,1,0,https://fonts.googleapis.com/css2?family=Roboto:wght@400;700&display=swap,0
